reference_site,sequential_site,wildtype_aa,reference_aa,mutant_aa,mutation_type
331,1,N,N,D,targeted mutation
331,1,N,N,E,targeted mutation
331,1,N,N,H,targeted mutation
331,1,N,N,I,targeted mutation
331,1,N,N,K,targeted mutation
331,1,N,N,R,targeted mutation
331,1,N,N,S,targeted mutation
331,1,N,N,T,targeted mutation
331,1,N,N,Y,targeted mutation
332,2,I,I,D,targeted mutation
332,2,I,I,F,targeted mutation
332,2,I,I,K,targeted mutation
332,2,I,I,L,targeted mutation
332,2,I,I,N,targeted mutation
332,2,I,I,P,targeted mutation
332,2,I,I,T,targeted mutation
332,2,I,I,V,targeted mutation
332,2,I,I,Y,targeted mutation
333,3,T,T,A,targeted mutation
333,3,T,T,F,targeted mutation
333,3,T,T,I,targeted mutation
333,3,T,T,K,targeted mutation
333,3,T,T,L,targeted mutation
333,3,T,T,P,targeted mutation
333,3,T,T,S,targeted mutation
333,3,T,T,Y,targeted mutation
334,4,N,N,D,targeted mutation
334,4,N,N,H,targeted mutation
334,4,N,N,K,targeted mutation
334,4,N,N,Q,targeted mutation
334,4,N,N,S,targeted mutation
334,4,N,N,T,targeted mutation
334,4,N,N,Y,targeted mutation
335,5,L,L,A,targeted mutation
335,5,L,L,F,targeted mutation
335,5,L,L,G,targeted mutation
335,5,L,L,I,targeted mutation
335,5,L,L,M,targeted mutation
335,5,L,L,S,targeted mutation
335,5,L,L,T,targeted mutation
335,5,L,L,V,targeted mutation
336,6,C,C,H,targeted mutation
336,6,C,C,K,targeted mutation
336,6,C,C,S,targeted mutation
336,6,C,C,T,targeted mutation
336,6,C,C,V,targeted mutation
337,7,P,P,A,targeted mutation
337,7,P,P,H,targeted mutation
337,7,P,P,K,targeted mutation
337,7,P,P,L,targeted mutation
337,7,P,P,R,targeted mutation
337,7,P,P,S,targeted mutation
337,7,P,P,T,targeted mutation
338,8,F,F,I,targeted mutation
338,8,F,F,L,targeted mutation
338,8,F,F,S,targeted mutation
338,8,F,F,Y,targeted mutation
339,9,H,G,A,targeted mutation
339,9,H,G,C,targeted mutation
339,9,H,G,D,targeted mutation
339,9,H,G,E,targeted mutation
339,9,H,G,F,targeted mutation
339,9,H,G,G,targeted mutation
339,9,H,G,I,targeted mutation
339,9,H,G,K,targeted mutation
339,9,H,G,L,targeted mutation
339,9,H,G,M,targeted mutation
339,9,H,G,N,targeted mutation
339,9,H,G,P,targeted mutation
339,9,H,G,Q,targeted mutation
339,9,H,G,R,targeted mutation
339,9,H,G,S,targeted mutation
339,9,H,G,T,targeted mutation
339,9,H,G,V,targeted mutation
339,9,H,G,W,targeted mutation
339,9,H,G,Y,targeted mutation
340,10,E,E,A,targeted mutation
340,10,E,E,D,targeted mutation
340,10,E,E,G,targeted mutation
340,10,E,E,K,targeted mutation
340,10,E,E,Q,targeted mutation
340,10,E,E,R,targeted mutation
340,10,E,E,S,targeted mutation
340,10,E,E,V,targeted mutation
341,11,V,V,A,targeted mutation
341,11,V,V,D,targeted mutation
341,11,V,V,F,targeted mutation
341,11,V,V,I,targeted mutation
341,11,V,V,L,targeted mutation
341,11,V,V,M,targeted mutation
341,11,V,V,S,targeted mutation
342,12,F,F,-,targeted mutation
342,12,F,F,I,targeted mutation
342,12,F,F,L,targeted mutation
342,12,F,F,V,targeted mutation
342,12,F,F,Y,targeted mutation
343,13,N,N,-,targeted mutation
343,13,N,N,D,targeted mutation
343,13,N,N,G,targeted mutation
343,13,N,N,I,targeted mutation
343,13,N,N,K,targeted mutation
343,13,N,N,L,targeted mutation
343,13,N,N,S,targeted mutation
343,13,N,N,T,targeted mutation
343,13,N,N,Y,targeted mutation
344,14,A,A,-,targeted mutation
344,14,A,A,D,targeted mutation
344,14,A,A,G,targeted mutation
344,14,A,A,I,targeted mutation
344,14,A,A,L,targeted mutation
344,14,A,A,P,targeted mutation
344,14,A,A,R,targeted mutation
344,14,A,A,S,targeted mutation
344,14,A,A,T,targeted mutation
344,14,A,A,V,targeted mutation
345,15,T,T,-,targeted mutation
345,15,T,T,A,targeted mutation
345,15,T,T,G,targeted mutation
345,15,T,T,H,targeted mutation
345,15,T,T,I,targeted mutation
345,15,T,T,N,targeted mutation
345,15,T,T,P,targeted mutation
345,15,T,T,S,targeted mutation
346,16,T,R,-,targeted mutation
346,16,T,R,A,targeted mutation
346,16,T,R,C,targeted mutation
346,16,T,R,D,targeted mutation
346,16,T,R,E,targeted mutation
346,16,T,R,F,targeted mutation
346,16,T,R,G,targeted mutation
346,16,T,R,H,targeted mutation
346,16,T,R,I,targeted mutation
346,16,T,R,K,targeted mutation
346,16,T,R,L,targeted mutation
346,16,T,R,M,targeted mutation
346,16,T,R,N,targeted mutation
346,16,T,R,P,targeted mutation
346,16,T,R,Q,targeted mutation
346,16,T,R,R,targeted mutation
346,16,T,R,S,targeted mutation
346,16,T,R,V,targeted mutation
346,16,T,R,W,targeted mutation
346,16,T,R,Y,targeted mutation
347,17,F,F,-,targeted mutation
347,17,F,F,A,targeted mutation
347,17,F,F,C,targeted mutation
347,17,F,F,D,targeted mutation
347,17,F,F,E,targeted mutation
347,17,F,F,G,targeted mutation
347,17,F,F,H,targeted mutation
347,17,F,F,I,targeted mutation
347,17,F,F,K,targeted mutation
347,17,F,F,L,targeted mutation
347,17,F,F,M,targeted mutation
347,17,F,F,N,targeted mutation
347,17,F,F,P,targeted mutation
347,17,F,F,Q,targeted mutation
347,17,F,F,R,targeted mutation
347,17,F,F,S,targeted mutation
347,17,F,F,T,targeted mutation
347,17,F,F,V,targeted mutation
347,17,F,F,W,targeted mutation
347,17,F,F,Y,targeted mutation
348,18,A,A,-,targeted mutation
348,18,A,A,C,targeted mutation
348,18,A,A,D,targeted mutation
348,18,A,A,E,targeted mutation
348,18,A,A,F,targeted mutation
348,18,A,A,G,targeted mutation
348,18,A,A,H,targeted mutation
348,18,A,A,I,targeted mutation
348,18,A,A,K,targeted mutation
348,18,A,A,L,targeted mutation
348,18,A,A,M,targeted mutation
348,18,A,A,N,targeted mutation
348,18,A,A,P,targeted mutation
348,18,A,A,Q,targeted mutation
348,18,A,A,R,targeted mutation
348,18,A,A,S,targeted mutation
348,18,A,A,T,targeted mutation
348,18,A,A,V,targeted mutation
348,18,A,A,W,targeted mutation
348,18,A,A,Y,targeted mutation
349,19,S,S,-,targeted mutation
349,19,S,S,A,targeted mutation
349,19,S,S,E,targeted mutation
349,19,S,S,F,targeted mutation
349,19,S,S,H,targeted mutation
349,19,S,S,I,targeted mutation
349,19,S,S,L,targeted mutation
349,19,S,S,P,targeted mutation
349,19,S,S,T,targeted mutation
350,20,V,V,A,targeted mutation
350,20,V,V,C,targeted mutation
350,20,V,V,F,targeted mutation
350,20,V,V,I,targeted mutation
350,20,V,V,L,targeted mutation
350,20,V,V,T,targeted mutation
351,21,Y,Y,F,targeted mutation
351,21,Y,Y,H,targeted mutation
351,21,Y,Y,I,targeted mutation
351,21,Y,Y,L,targeted mutation
351,21,Y,Y,M,targeted mutation
352,22,A,A,C,targeted mutation
352,22,A,A,D,targeted mutation
352,22,A,A,E,targeted mutation
352,22,A,A,F,targeted mutation
352,22,A,A,G,targeted mutation
352,22,A,A,H,targeted mutation
352,22,A,A,I,targeted mutation
352,22,A,A,K,targeted mutation
352,22,A,A,L,targeted mutation
352,22,A,A,M,targeted mutation
352,22,A,A,N,targeted mutation
352,22,A,A,P,targeted mutation
352,22,A,A,Q,targeted mutation
352,22,A,A,R,targeted mutation
352,22,A,A,S,targeted mutation
352,22,A,A,T,targeted mutation
352,22,A,A,V,targeted mutation
352,22,A,A,W,targeted mutation
352,22,A,A,Y,targeted mutation
353,23,W,W,A,targeted mutation
353,23,W,W,C,targeted mutation
353,23,W,W,F,targeted mutation
353,23,W,W,G,targeted mutation
353,23,W,W,L,targeted mutation
353,23,W,W,R,targeted mutation
353,23,W,W,S,targeted mutation
353,23,W,W,Y,targeted mutation
354,24,N,N,D,targeted mutation
354,24,N,N,E,targeted mutation
354,24,N,N,G,targeted mutation
354,24,N,N,H,targeted mutation
354,24,N,N,K,targeted mutation
354,24,N,N,S,targeted mutation
354,24,N,N,T,targeted mutation
354,24,N,N,Y,targeted mutation
355,25,R,R,E,targeted mutation
355,25,R,R,G,targeted mutation
355,25,R,R,K,targeted mutation
355,25,R,R,N,targeted mutation
355,25,R,R,Q,targeted mutation
355,25,R,R,S,targeted mutation
355,25,R,R,T,targeted mutation
356,26,K,K,A,targeted mutation
356,26,K,K,C,targeted mutation
356,26,K,K,D,targeted mutation
356,26,K,K,E,targeted mutation
356,26,K,K,F,targeted mutation
356,26,K,K,G,targeted mutation
356,26,K,K,H,targeted mutation
356,26,K,K,I,targeted mutation
356,26,K,K,L,targeted mutation
356,26,K,K,M,targeted mutation
356,26,K,K,N,targeted mutation
356,26,K,K,P,targeted mutation
356,26,K,K,Q,targeted mutation
356,26,K,K,R,targeted mutation
356,26,K,K,S,targeted mutation
356,26,K,K,T,targeted mutation
356,26,K,K,V,targeted mutation
356,26,K,K,W,targeted mutation
356,26,K,K,Y,targeted mutation
357,27,R,R,A,targeted mutation
357,27,R,R,C,targeted mutation
357,27,R,R,D,targeted mutation
357,27,R,R,E,targeted mutation
357,27,R,R,F,targeted mutation
357,27,R,R,G,targeted mutation
357,27,R,R,H,targeted mutation
357,27,R,R,I,targeted mutation
357,27,R,R,K,targeted mutation
357,27,R,R,L,targeted mutation
357,27,R,R,M,targeted mutation
357,27,R,R,N,targeted mutation
357,27,R,R,P,targeted mutation
357,27,R,R,Q,targeted mutation
357,27,R,R,S,targeted mutation
357,27,R,R,T,targeted mutation
357,27,R,R,V,targeted mutation
357,27,R,R,W,targeted mutation
357,27,R,R,Y,targeted mutation
358,28,I,I,E,targeted mutation
358,28,I,I,F,targeted mutation
358,28,I,I,L,targeted mutation
358,28,I,I,N,targeted mutation
358,28,I,I,S,targeted mutation
358,28,I,I,T,targeted mutation
358,28,I,I,V,targeted mutation
359,29,S,S,A,targeted mutation
359,29,S,S,C,targeted mutation
359,29,S,S,D,targeted mutation
359,29,S,S,G,targeted mutation
359,29,S,S,I,targeted mutation
359,29,S,S,K,targeted mutation
359,29,S,S,L,targeted mutation
359,29,S,S,N,targeted mutation
359,29,S,S,Q,targeted mutation
359,29,S,S,R,targeted mutation
359,29,S,S,T,targeted mutation
360,30,N,N,A,targeted mutation
360,30,N,N,D,targeted mutation
360,30,N,N,K,targeted mutation
360,30,N,N,L,targeted mutation
360,30,N,N,P,targeted mutation
360,30,N,N,Q,targeted mutation
360,30,N,N,S,targeted mutation
360,30,N,N,T,targeted mutation
360,30,N,N,Y,targeted mutation
361,31,C,C,G,targeted mutation
361,31,C,C,I,targeted mutation
361,31,C,C,K,targeted mutation
361,31,C,C,L,targeted mutation
361,31,C,C,S,targeted mutation
361,31,C,C,T,targeted mutation
361,31,C,C,V,targeted mutation
362,32,V,V,F,targeted mutation
362,32,V,V,I,targeted mutation
362,32,V,V,L,targeted mutation
363,33,A,A,E,targeted mutation
363,33,A,A,G,targeted mutation
363,33,A,A,L,targeted mutation
363,33,A,A,S,targeted mutation
363,33,A,A,T,targeted mutation
363,33,A,A,V,targeted mutation
364,34,D,D,G,targeted mutation
364,34,D,D,N,targeted mutation
364,34,D,D,S,targeted mutation
365,35,Y,Y,A,targeted mutation
365,35,Y,Y,C,targeted mutation
365,35,Y,Y,D,targeted mutation
365,35,Y,Y,F,targeted mutation
365,35,Y,Y,L,targeted mutation
365,35,Y,Y,S,targeted mutation
365,35,Y,Y,V,targeted mutation
366,36,S,S,A,targeted mutation
366,36,S,S,F,targeted mutation
366,36,S,S,I,targeted mutation
366,36,S,S,L,targeted mutation
366,36,S,S,N,targeted mutation
366,36,S,S,P,targeted mutation
366,36,S,S,R,targeted mutation
366,36,S,S,T,targeted mutation
366,36,S,S,Y,targeted mutation
367,37,V,V,A,targeted mutation
367,37,V,V,C,targeted mutation
367,37,V,V,D,targeted mutation
367,37,V,V,F,targeted mutation
367,37,V,V,G,targeted mutation
367,37,V,V,I,targeted mutation
367,37,V,V,L,targeted mutation
367,37,V,V,S,targeted mutation
367,37,V,V,Y,targeted mutation
368,38,I,L,A,targeted mutation
368,38,I,L,C,targeted mutation
368,38,I,L,D,targeted mutation
368,38,I,L,E,targeted mutation
368,38,I,L,F,targeted mutation
368,38,I,L,G,targeted mutation
368,38,I,L,H,targeted mutation
368,38,I,L,K,targeted mutation
368,38,I,L,L,targeted mutation
368,38,I,L,M,targeted mutation
368,38,I,L,N,targeted mutation
368,38,I,L,P,targeted mutation
368,38,I,L,Q,targeted mutation
368,38,I,L,R,targeted mutation
368,38,I,L,S,targeted mutation
368,38,I,L,T,targeted mutation
368,38,I,L,V,targeted mutation
368,38,I,L,W,targeted mutation
368,38,I,L,Y,targeted mutation
369,39,Y,Y,C,targeted mutation
369,39,Y,Y,F,targeted mutation
369,39,Y,Y,H,targeted mutation
369,39,Y,Y,Q,targeted mutation
369,39,Y,Y,W,targeted mutation
370,40,N,N,D,targeted mutation
370,40,N,N,H,targeted mutation
370,40,N,N,I,targeted mutation
370,40,N,N,K,targeted mutation
370,40,N,N,P,targeted mutation
370,40,N,N,R,targeted mutation
370,40,N,N,S,targeted mutation
370,40,N,N,T,targeted mutation
370,40,N,N,Y,targeted mutation
371,41,F,S,A,targeted mutation
371,41,F,S,C,targeted mutation
371,41,F,S,D,targeted mutation
371,41,F,S,E,targeted mutation
371,41,F,S,G,targeted mutation
371,41,F,S,H,targeted mutation
371,41,F,S,I,targeted mutation
371,41,F,S,K,targeted mutation
371,41,F,S,L,targeted mutation
371,41,F,S,M,targeted mutation
371,41,F,S,N,targeted mutation
371,41,F,S,P,targeted mutation
371,41,F,S,Q,targeted mutation
371,41,F,S,R,targeted mutation
371,41,F,S,S,targeted mutation
371,41,F,S,T,targeted mutation
371,41,F,S,V,targeted mutation
371,41,F,S,W,targeted mutation
371,41,F,S,Y,targeted mutation
372,42,A,A,E,targeted mutation
372,42,A,A,G,targeted mutation
372,42,A,A,P,targeted mutation
372,42,A,A,Q,targeted mutation
372,42,A,A,R,targeted mutation
372,42,A,A,S,targeted mutation
372,42,A,A,T,targeted mutation
372,42,A,A,V,targeted mutation
373,43,P,S,A,targeted mutation
373,43,P,S,C,targeted mutation
373,43,P,S,D,targeted mutation
373,43,P,S,E,targeted mutation
373,43,P,S,F,targeted mutation
373,43,P,S,G,targeted mutation
373,43,P,S,H,targeted mutation
373,43,P,S,I,targeted mutation
373,43,P,S,K,targeted mutation
373,43,P,S,L,targeted mutation
373,43,P,S,M,targeted mutation
373,43,P,S,N,targeted mutation
373,43,P,S,Q,targeted mutation
373,43,P,S,R,targeted mutation
373,43,P,S,S,targeted mutation
373,43,P,S,T,targeted mutation
373,43,P,S,V,targeted mutation
373,43,P,S,W,targeted mutation
373,43,P,S,Y,targeted mutation
374,44,F,F,A,targeted mutation
374,44,F,F,I,targeted mutation
374,44,F,F,L,targeted mutation
374,44,F,F,S,targeted mutation
374,44,F,F,Y,targeted mutation
375,45,F,S,A,targeted mutation
375,45,F,S,C,targeted mutation
375,45,F,S,D,targeted mutation
375,45,F,S,E,targeted mutation
375,45,F,S,G,targeted mutation
375,45,F,S,H,targeted mutation
375,45,F,S,I,targeted mutation
375,45,F,S,K,targeted mutation
375,45,F,S,L,targeted mutation
375,45,F,S,M,targeted mutation
375,45,F,S,N,targeted mutation
375,45,F,S,P,targeted mutation
375,45,F,S,Q,targeted mutation
375,45,F,S,R,targeted mutation
375,45,F,S,S,targeted mutation
375,45,F,S,T,targeted mutation
375,45,F,S,V,targeted mutation
375,45,F,S,W,targeted mutation
375,45,F,S,Y,targeted mutation
376,46,A,T,C,targeted mutation
376,46,A,T,D,targeted mutation
376,46,A,T,E,targeted mutation
376,46,A,T,F,targeted mutation
376,46,A,T,G,targeted mutation
376,46,A,T,H,targeted mutation
376,46,A,T,I,targeted mutation
376,46,A,T,K,targeted mutation
376,46,A,T,L,targeted mutation
376,46,A,T,M,targeted mutation
376,46,A,T,N,targeted mutation
376,46,A,T,P,targeted mutation
376,46,A,T,Q,targeted mutation
376,46,A,T,R,targeted mutation
376,46,A,T,S,targeted mutation
376,46,A,T,T,targeted mutation
376,46,A,T,V,targeted mutation
376,46,A,T,W,targeted mutation
376,46,A,T,Y,targeted mutation
377,47,F,F,L,targeted mutation
377,47,F,F,M,targeted mutation
377,47,F,F,R,targeted mutation
377,47,F,F,Y,targeted mutation
378,48,K,K,A,targeted mutation
378,48,K,K,E,targeted mutation
378,48,K,K,M,targeted mutation
378,48,K,K,N,targeted mutation
378,48,K,K,P,targeted mutation
378,48,K,K,R,targeted mutation
378,48,K,K,V,targeted mutation
379,49,C,C,G,targeted mutation
379,49,C,C,K,targeted mutation
379,49,C,C,L,targeted mutation
379,49,C,C,R,targeted mutation
379,49,C,C,T,targeted mutation
379,49,C,C,V,targeted mutation
380,50,Y,Y,F,targeted mutation
380,50,Y,Y,H,targeted mutation
380,50,Y,Y,L,targeted mutation
380,50,Y,Y,S,targeted mutation
380,50,Y,Y,W,targeted mutation
381,51,G,G,E,targeted mutation
381,51,G,G,L,targeted mutation
381,51,G,G,N,targeted mutation
381,51,G,G,R,targeted mutation
381,51,G,G,S,targeted mutation
382,52,V,V,A,targeted mutation
382,52,V,V,L,targeted mutation
382,52,V,V,M,targeted mutation
382,52,V,V,Q,targeted mutation
383,53,S,S,A,targeted mutation
383,53,S,S,C,targeted mutation
383,53,S,S,D,targeted mutation
383,53,S,S,E,targeted mutation
383,53,S,S,F,targeted mutation
383,53,S,S,G,targeted mutation
383,53,S,S,H,targeted mutation
383,53,S,S,I,targeted mutation
383,53,S,S,K,targeted mutation
383,53,S,S,L,targeted mutation
383,53,S,S,M,targeted mutation
383,53,S,S,N,targeted mutation
383,53,S,S,P,targeted mutation
383,53,S,S,Q,targeted mutation
383,53,S,S,R,targeted mutation
383,53,S,S,T,targeted mutation
383,53,S,S,V,targeted mutation
383,53,S,S,W,targeted mutation
383,53,S,S,Y,targeted mutation
384,54,P,P,A,targeted mutation
384,54,P,P,H,targeted mutation
384,54,P,P,L,targeted mutation
384,54,P,P,R,targeted mutation
384,54,P,P,S,targeted mutation
384,54,P,P,T,targeted mutation
385,55,T,T,A,targeted mutation
385,55,T,T,C,targeted mutation
385,55,T,T,D,targeted mutation
385,55,T,T,E,targeted mutation
385,55,T,T,F,targeted mutation
385,55,T,T,G,targeted mutation
385,55,T,T,H,targeted mutation
385,55,T,T,I,targeted mutation
385,55,T,T,K,targeted mutation
385,55,T,T,L,targeted mutation
385,55,T,T,M,targeted mutation
385,55,T,T,N,targeted mutation
385,55,T,T,P,targeted mutation
385,55,T,T,Q,targeted mutation
385,55,T,T,R,targeted mutation
385,55,T,T,S,targeted mutation
385,55,T,T,V,targeted mutation
385,55,T,T,W,targeted mutation
385,55,T,T,Y,targeted mutation
386,56,K,K,E,targeted mutation
386,56,K,K,I,targeted mutation
386,56,K,K,L,targeted mutation
386,56,K,K,R,targeted mutation
387,57,L,L,A,targeted mutation
387,57,L,L,F,targeted mutation
387,57,L,L,I,targeted mutation
387,57,L,L,S,targeted mutation
387,57,L,L,V,targeted mutation
388,58,N,N,A,targeted mutation
388,58,N,N,D,targeted mutation
388,58,N,N,K,targeted mutation
388,58,N,N,L,targeted mutation
388,58,N,N,R,targeted mutation
388,58,N,N,S,targeted mutation
388,58,N,N,V,targeted mutation
389,59,D,D,A,targeted mutation
389,59,D,D,E,targeted mutation
389,59,D,D,F,targeted mutation
389,59,D,D,G,targeted mutation
389,59,D,D,H,targeted mutation
389,59,D,D,I,targeted mutation
389,59,D,D,L,targeted mutation
389,59,D,D,N,targeted mutation
389,59,D,D,S,targeted mutation
389,59,D,D,V,targeted mutation
389,59,D,D,Y,targeted mutation
390,60,L,L,F,targeted mutation
390,60,L,L,I,targeted mutation
390,60,L,L,M,targeted mutation
390,60,L,L,T,targeted mutation
391,61,C,C,I,targeted mutation
391,61,C,C,L,targeted mutation
391,61,C,C,M,targeted mutation
391,61,C,C,R,targeted mutation
391,61,C,C,S,targeted mutation
392,62,F,F,G,targeted mutation
392,62,F,F,I,targeted mutation
392,62,F,F,L,targeted mutation
392,62,F,F,S,targeted mutation
392,62,F,F,V,targeted mutation
392,62,F,F,Y,targeted mutation
393,63,T,T,A,targeted mutation
393,63,T,T,E,targeted mutation
393,63,T,T,I,targeted mutation
393,63,T,T,L,targeted mutation
393,63,T,T,M,targeted mutation
393,63,T,T,N,targeted mutation
393,63,T,T,S,targeted mutation
394,64,N,N,A,targeted mutation
394,64,N,N,D,targeted mutation
394,64,N,N,H,targeted mutation
394,64,N,N,I,targeted mutation
394,64,N,N,K,targeted mutation
394,64,N,N,L,targeted mutation
394,64,N,N,Q,targeted mutation
394,64,N,N,R,targeted mutation
394,64,N,N,S,targeted mutation
394,64,N,N,T,targeted mutation
394,64,N,N,Y,targeted mutation
395,65,V,V,A,targeted mutation
395,65,V,V,E,targeted mutation
395,65,V,V,F,targeted mutation
395,65,V,V,I,targeted mutation
395,65,V,V,L,targeted mutation
395,65,V,V,S,targeted mutation
396,66,Y,Y,F,targeted mutation
396,66,Y,Y,H,targeted mutation
396,66,Y,Y,I,targeted mutation
396,66,Y,Y,L,targeted mutation
396,66,Y,Y,S,targeted mutation
396,66,Y,Y,T,targeted mutation
397,67,A,A,L,targeted mutation
397,67,A,A,M,targeted mutation
397,67,A,A,S,targeted mutation
397,67,A,A,T,targeted mutation
397,67,A,A,V,targeted mutation
398,68,D,D,N,targeted mutation
398,68,D,D,P,targeted mutation
398,68,D,D,S,targeted mutation
399,69,S,S,A,targeted mutation
399,69,S,S,L,targeted mutation
399,69,S,S,M,targeted mutation
400,70,F,F,A,targeted mutation
400,70,F,F,E,targeted mutation
400,70,F,F,I,targeted mutation
400,70,F,F,L,targeted mutation
400,70,F,F,Q,targeted mutation
400,70,F,F,T,targeted mutation
401,71,V,V,A,targeted mutation
401,71,V,V,I,targeted mutation
401,71,V,V,L,targeted mutation
402,72,I,I,C,targeted mutation
402,72,I,I,F,targeted mutation
402,72,I,I,H,targeted mutation
402,72,I,I,L,targeted mutation
402,72,I,I,M,targeted mutation
402,72,I,I,T,targeted mutation
402,72,I,I,V,targeted mutation
403,73,R,R,G,targeted mutation
403,73,R,R,I,targeted mutation
403,73,R,R,K,targeted mutation
403,73,R,R,L,targeted mutation
403,73,R,R,M,targeted mutation
403,73,R,R,S,targeted mutation
403,73,R,R,T,targeted mutation
404,74,G,G,A,targeted mutation
404,74,G,G,C,targeted mutation
404,74,G,G,P,targeted mutation
404,74,G,G,R,targeted mutation
404,74,G,G,S,targeted mutation
404,74,G,G,V,targeted mutation
405,75,N,D,A,targeted mutation
405,75,N,D,C,targeted mutation
405,75,N,D,D,targeted mutation
405,75,N,D,E,targeted mutation
405,75,N,D,F,targeted mutation
405,75,N,D,G,targeted mutation
405,75,N,D,H,targeted mutation
405,75,N,D,I,targeted mutation
405,75,N,D,K,targeted mutation
405,75,N,D,L,targeted mutation
405,75,N,D,M,targeted mutation
405,75,N,D,P,targeted mutation
405,75,N,D,Q,targeted mutation
405,75,N,D,R,targeted mutation
405,75,N,D,S,targeted mutation
405,75,N,D,T,targeted mutation
405,75,N,D,V,targeted mutation
405,75,N,D,W,targeted mutation
405,75,N,D,Y,targeted mutation
406,76,E,E,A,targeted mutation
406,76,E,E,D,targeted mutation
406,76,E,E,K,targeted mutation
406,76,E,E,Q,targeted mutation
407,77,V,V,A,targeted mutation
407,77,V,V,F,targeted mutation
407,77,V,V,I,targeted mutation
407,77,V,V,L,targeted mutation
407,77,V,V,S,targeted mutation
408,78,S,R,A,targeted mutation
408,78,S,R,C,targeted mutation
408,78,S,R,D,targeted mutation
408,78,S,R,E,targeted mutation
408,78,S,R,F,targeted mutation
408,78,S,R,G,targeted mutation
408,78,S,R,H,targeted mutation
408,78,S,R,I,targeted mutation
408,78,S,R,K,targeted mutation
408,78,S,R,L,targeted mutation
408,78,S,R,M,targeted mutation
408,78,S,R,N,targeted mutation
408,78,S,R,P,targeted mutation
408,78,S,R,Q,targeted mutation
408,78,S,R,R,targeted mutation
408,78,S,R,T,targeted mutation
408,78,S,R,V,targeted mutation
408,78,S,R,W,targeted mutation
408,78,S,R,Y,targeted mutation
409,79,Q,Q,A,targeted mutation
409,79,Q,Q,E,targeted mutation
409,79,Q,Q,H,targeted mutation
409,79,Q,Q,K,targeted mutation
409,79,Q,Q,L,targeted mutation
409,79,Q,Q,N,targeted mutation
410,80,I,I,A,targeted mutation
410,80,I,I,L,targeted mutation
410,80,I,I,M,targeted mutation
410,80,I,I,S,targeted mutation
410,80,I,I,T,targeted mutation
410,80,I,I,V,targeted mutation
411,81,A,A,C,targeted mutation
411,81,A,A,D,targeted mutation
411,81,A,A,G,targeted mutation
411,81,A,A,L,targeted mutation
411,81,A,A,N,targeted mutation
411,81,A,A,P,targeted mutation
411,81,A,A,S,targeted mutation
411,81,A,A,T,targeted mutation
411,81,A,A,V,targeted mutation
412,82,P,P,K,targeted mutation
412,82,P,P,L,targeted mutation
412,82,P,P,N,targeted mutation
412,82,P,P,Q,targeted mutation
412,82,P,P,T,targeted mutation
413,83,G,G,A,targeted mutation
413,83,G,G,C,targeted mutation
413,83,G,G,E,targeted mutation
413,83,G,G,K,targeted mutation
413,83,G,G,R,targeted mutation
413,83,G,G,S,targeted mutation
413,83,G,G,V,targeted mutation
413,83,G,G,W,targeted mutation
414,84,Q,Q,E,targeted mutation
414,84,Q,Q,H,targeted mutation
414,84,Q,Q,K,targeted mutation
414,84,Q,Q,L,targeted mutation
414,84,Q,Q,P,targeted mutation
414,84,Q,Q,R,targeted mutation
415,85,T,T,A,targeted mutation
415,85,T,T,C,targeted mutation
415,85,T,T,I,targeted mutation
415,85,T,T,K,targeted mutation
415,85,T,T,L,targeted mutation
415,85,T,T,N,targeted mutation
415,85,T,T,P,targeted mutation
415,85,T,T,Q,targeted mutation
415,85,T,T,S,targeted mutation
416,86,G,G,*,targeted mutation
416,86,G,G,E,targeted mutation
416,86,G,G,N,targeted mutation
416,86,G,G,W,targeted mutation
417,87,N,K,A,targeted mutation
417,87,N,K,C,targeted mutation
417,87,N,K,D,targeted mutation
417,87,N,K,E,targeted mutation
417,87,N,K,F,targeted mutation
417,87,N,K,G,targeted mutation
417,87,N,K,H,targeted mutation
417,87,N,K,I,targeted mutation
417,87,N,K,K,targeted mutation
417,87,N,K,L,targeted mutation
417,87,N,K,M,targeted mutation
417,87,N,K,P,targeted mutation
417,87,N,K,Q,targeted mutation
417,87,N,K,R,targeted mutation
417,87,N,K,S,targeted mutation
417,87,N,K,T,targeted mutation
417,87,N,K,V,targeted mutation
417,87,N,K,W,targeted mutation
417,87,N,K,Y,targeted mutation
418,88,I,I,C,targeted mutation
418,88,I,I,L,targeted mutation
418,88,I,I,T,targeted mutation
418,88,I,I,V,targeted mutation
419,89,A,A,I,targeted mutation
419,89,A,A,S,targeted mutation
419,89,A,A,T,targeted mutation
419,89,A,A,V,targeted mutation
420,90,D,D,A,targeted mutation
420,90,D,D,G,targeted mutation
420,90,D,D,I,targeted mutation
420,90,D,D,N,targeted mutation
420,90,D,D,R,targeted mutation
420,90,D,D,Y,targeted mutation
421,91,Y,Y,A,targeted mutation
421,91,Y,Y,C,targeted mutation
421,91,Y,Y,F,targeted mutation
421,91,Y,Y,H,targeted mutation
421,91,Y,Y,I,targeted mutation
422,92,N,N,I,targeted mutation
423,93,Y,Y,C,targeted mutation
423,93,Y,Y,F,targeted mutation
423,93,Y,Y,W,targeted mutation
424,94,K,K,I,targeted mutation
424,94,K,K,N,targeted mutation
424,94,K,K,Q,targeted mutation
424,94,K,K,R,targeted mutation
424,94,K,K,Y,targeted mutation
425,95,L,L,F,targeted mutation
425,95,L,L,I,targeted mutation
425,95,L,L,M,targeted mutation
425,95,L,L,V,targeted mutation
426,96,P,P,I,targeted mutation
426,96,P,P,L,targeted mutation
426,96,P,P,Q,targeted mutation
426,96,P,P,S,targeted mutation
426,96,P,P,T,targeted mutation
427,97,D,D,A,targeted mutation
427,97,D,D,E,targeted mutation
427,97,D,D,G,targeted mutation
427,97,D,D,H,targeted mutation
427,97,D,D,L,targeted mutation
427,97,D,D,N,targeted mutation
427,97,D,D,R,targeted mutation
427,97,D,D,V,targeted mutation
427,97,D,D,Y,targeted mutation
428,98,D,D,A,targeted mutation
428,98,D,D,E,targeted mutation
428,98,D,D,G,targeted mutation
428,98,D,D,H,targeted mutation
428,98,D,D,Q,targeted mutation
428,98,D,D,V,targeted mutation
428,98,D,D,Y,targeted mutation
429,99,F,F,I,targeted mutation
429,99,F,F,L,targeted mutation
430,100,T,T,A,targeted mutation
430,100,T,T,I,targeted mutation
430,100,T,T,L,targeted mutation
430,100,T,T,P,targeted mutation
430,100,T,T,S,targeted mutation
431,101,G,G,S,targeted mutation
431,101,G,G,V,targeted mutation
432,102,C,C,L,targeted mutation
432,102,C,C,T,targeted mutation
432,102,C,C,V,targeted mutation
433,103,V,V,F,targeted mutation
433,103,V,V,G,targeted mutation
433,103,V,V,I,targeted mutation
433,103,V,V,L,targeted mutation
434,104,I,I,L,targeted mutation
434,104,I,I,M,targeted mutation
434,104,I,I,T,targeted mutation
434,104,I,I,V,targeted mutation
435,105,A,A,I,targeted mutation
435,105,A,A,L,targeted mutation
435,105,A,A,S,targeted mutation
435,105,A,A,T,targeted mutation
435,105,A,A,V,targeted mutation
436,106,W,W,C,targeted mutation
436,106,W,W,F,targeted mutation
436,106,W,W,L,targeted mutation
436,106,W,W,R,targeted mutation
436,106,W,W,T,targeted mutation
436,106,W,W,Y,targeted mutation
437,107,N,N,E,targeted mutation
437,107,N,N,I,targeted mutation
437,107,N,N,S,targeted mutation
438,108,S,S,A,targeted mutation
438,108,S,S,F,targeted mutation
438,108,S,S,I,targeted mutation
438,108,S,S,L,targeted mutation
438,108,S,S,T,targeted mutation
438,108,S,S,Y,targeted mutation
439,109,N,N,D,targeted mutation
439,109,N,N,I,targeted mutation
439,109,N,N,K,targeted mutation
439,109,N,N,T,targeted mutation
439,109,N,N,Y,targeted mutation
440,110,K,N,A,targeted mutation
440,110,K,N,C,targeted mutation
440,110,K,N,D,targeted mutation
440,110,K,N,E,targeted mutation
440,110,K,N,F,targeted mutation
440,110,K,N,G,targeted mutation
440,110,K,N,H,targeted mutation
440,110,K,N,I,targeted mutation
440,110,K,N,L,targeted mutation
440,110,K,N,M,targeted mutation
440,110,K,N,N,targeted mutation
440,110,K,N,P,targeted mutation
440,110,K,N,Q,targeted mutation
440,110,K,N,R,targeted mutation
440,110,K,N,S,targeted mutation
440,110,K,N,T,targeted mutation
440,110,K,N,V,targeted mutation
440,110,K,N,W,targeted mutation
440,110,K,N,Y,targeted mutation
441,111,L,L,F,targeted mutation
441,111,L,L,I,targeted mutation
441,111,L,L,P,targeted mutation
441,111,L,L,R,targeted mutation
441,111,L,L,V,targeted mutation
442,112,D,D,F,targeted mutation
442,112,D,D,G,targeted mutation
442,112,D,D,I,targeted mutation
442,112,D,D,S,targeted mutation
442,112,D,D,V,targeted mutation
442,112,D,D,Y,targeted mutation
443,113,S,S,A,targeted mutation
443,113,S,S,F,targeted mutation
443,113,S,S,L,targeted mutation
443,113,S,S,Y,targeted mutation
444,114,K,K,-,targeted mutation
444,114,K,K,A,targeted mutation
444,114,K,K,C,targeted mutation
444,114,K,K,D,targeted mutation
444,114,K,K,E,targeted mutation
444,114,K,K,F,targeted mutation
444,114,K,K,G,targeted mutation
444,114,K,K,H,targeted mutation
444,114,K,K,I,targeted mutation
444,114,K,K,L,targeted mutation
444,114,K,K,M,targeted mutation
444,114,K,K,N,targeted mutation
444,114,K,K,P,targeted mutation
444,114,K,K,Q,targeted mutation
444,114,K,K,R,targeted mutation
444,114,K,K,S,targeted mutation
444,114,K,K,T,targeted mutation
444,114,K,K,V,targeted mutation
444,114,K,K,W,targeted mutation
444,114,K,K,Y,targeted mutation
445,115,P,V,-,targeted mutation
445,115,P,V,A,targeted mutation
445,115,P,V,C,targeted mutation
445,115,P,V,D,targeted mutation
445,115,P,V,E,targeted mutation
445,115,P,V,F,targeted mutation
445,115,P,V,G,targeted mutation
445,115,P,V,H,targeted mutation
445,115,P,V,I,targeted mutation
445,115,P,V,K,targeted mutation
445,115,P,V,L,targeted mutation
445,115,P,V,M,targeted mutation
445,115,P,V,N,targeted mutation
445,115,P,V,Q,targeted mutation
445,115,P,V,R,targeted mutation
445,115,P,V,S,targeted mutation
445,115,P,V,T,targeted mutation
445,115,P,V,V,targeted mutation
445,115,P,V,W,targeted mutation
445,115,P,V,Y,targeted mutation
446,116,S,G,-,targeted mutation
446,116,S,G,A,targeted mutation
446,116,S,G,C,targeted mutation
446,116,S,G,D,targeted mutation
446,116,S,G,E,targeted mutation
446,116,S,G,F,targeted mutation
446,116,S,G,G,targeted mutation
446,116,S,G,H,targeted mutation
446,116,S,G,I,targeted mutation
446,116,S,G,K,targeted mutation
446,116,S,G,L,targeted mutation
446,116,S,G,M,targeted mutation
446,116,S,G,N,targeted mutation
446,116,S,G,P,targeted mutation
446,116,S,G,Q,targeted mutation
446,116,S,G,R,targeted mutation
446,116,S,G,T,targeted mutation
446,116,S,G,V,targeted mutation
446,116,S,G,W,targeted mutation
446,116,S,G,Y,targeted mutation
447,117,G,G,-,targeted mutation
447,117,G,G,A,targeted mutation
447,117,G,G,C,targeted mutation
447,117,G,G,D,targeted mutation
447,117,G,G,E,targeted mutation
447,117,G,G,F,targeted mutation
447,117,G,G,H,targeted mutation
447,117,G,G,I,targeted mutation
447,117,G,G,K,targeted mutation
447,117,G,G,L,targeted mutation
447,117,G,G,M,targeted mutation
447,117,G,G,N,targeted mutation
447,117,G,G,P,targeted mutation
447,117,G,G,Q,targeted mutation
447,117,G,G,R,targeted mutation
447,117,G,G,S,targeted mutation
447,117,G,G,T,targeted mutation
447,117,G,G,V,targeted mutation
447,117,G,G,W,targeted mutation
447,117,G,G,Y,targeted mutation
448,118,N,N,-,targeted mutation
448,118,N,N,D,targeted mutation
448,118,N,N,I,targeted mutation
448,118,N,N,K,targeted mutation
448,118,N,N,S,targeted mutation
448,118,N,N,T,targeted mutation
448,118,N,N,Y,targeted mutation
449,119,Y,Y,-,targeted mutation
449,119,Y,Y,A,targeted mutation
449,119,Y,Y,C,targeted mutation
449,119,Y,Y,D,targeted mutation
449,119,Y,Y,E,targeted mutation
449,119,Y,Y,F,targeted mutation
449,119,Y,Y,G,targeted mutation
449,119,Y,Y,H,targeted mutation
449,119,Y,Y,I,targeted mutation
449,119,Y,Y,K,targeted mutation
449,119,Y,Y,L,targeted mutation
449,119,Y,Y,M,targeted mutation
449,119,Y,Y,N,targeted mutation
449,119,Y,Y,P,targeted mutation
449,119,Y,Y,Q,targeted mutation
449,119,Y,Y,R,targeted mutation
449,119,Y,Y,S,targeted mutation
449,119,Y,Y,T,targeted mutation
449,119,Y,Y,V,targeted mutation
449,119,Y,Y,W,targeted mutation
450,120,N,N,A,targeted mutation
450,120,N,N,C,targeted mutation
450,120,N,N,D,targeted mutation
450,120,N,N,E,targeted mutation
450,120,N,N,F,targeted mutation
450,120,N,N,G,targeted mutation
450,120,N,N,H,targeted mutation
450,120,N,N,I,targeted mutation
450,120,N,N,K,targeted mutation
450,120,N,N,L,targeted mutation
450,120,N,N,M,targeted mutation
450,120,N,N,P,targeted mutation
450,120,N,N,Q,targeted mutation
450,120,N,N,R,targeted mutation
450,120,N,N,S,targeted mutation
450,120,N,N,T,targeted mutation
450,120,N,N,V,targeted mutation
450,120,N,N,W,targeted mutation
450,120,N,N,Y,targeted mutation
451,121,Y,Y,F,targeted mutation
451,121,Y,Y,H,targeted mutation
451,121,Y,Y,L,targeted mutation
452,122,L,L,A,targeted mutation
452,122,L,L,C,targeted mutation
452,122,L,L,D,targeted mutation
452,122,L,L,E,targeted mutation
452,122,L,L,F,targeted mutation
452,122,L,L,G,targeted mutation
452,122,L,L,H,targeted mutation
452,122,L,L,I,targeted mutation
452,122,L,L,K,targeted mutation
452,122,L,L,M,targeted mutation
452,122,L,L,N,targeted mutation
452,122,L,L,P,targeted mutation
452,122,L,L,Q,targeted mutation
452,122,L,L,R,targeted mutation
452,122,L,L,S,targeted mutation
452,122,L,L,T,targeted mutation
452,122,L,L,V,targeted mutation
452,122,L,L,W,targeted mutation
452,122,L,L,Y,targeted mutation
453,123,Y,Y,C,targeted mutation
453,123,Y,Y,F,targeted mutation
453,123,Y,Y,H,targeted mutation
453,123,Y,Y,R,targeted mutation
453,123,Y,Y,S,targeted mutation
454,124,R,R,E,targeted mutation
454,124,R,R,I,targeted mutation
454,124,R,R,K,targeted mutation
454,124,R,R,S,targeted mutation
455,125,L,L,A,targeted mutation
455,125,L,L,C,targeted mutation
455,125,L,L,D,targeted mutation
455,125,L,L,E,targeted mutation
455,125,L,L,F,targeted mutation
455,125,L,L,G,targeted mutation
455,125,L,L,H,targeted mutation
455,125,L,L,I,targeted mutation
455,125,L,L,K,targeted mutation
455,125,L,L,M,targeted mutation
455,125,L,L,N,targeted mutation
455,125,L,L,P,targeted mutation
455,125,L,L,Q,targeted mutation
455,125,L,L,R,targeted mutation
455,125,L,L,S,targeted mutation
455,125,L,L,T,targeted mutation
455,125,L,L,V,targeted mutation
455,125,L,L,W,targeted mutation
455,125,L,L,Y,targeted mutation
456,126,F,F,A,targeted mutation
456,126,F,F,C,targeted mutation
456,126,F,F,D,targeted mutation
456,126,F,F,E,targeted mutation
456,126,F,F,G,targeted mutation
456,126,F,F,H,targeted mutation
456,126,F,F,I,targeted mutation
456,126,F,F,K,targeted mutation
456,126,F,F,L,targeted mutation
456,126,F,F,M,targeted mutation
456,126,F,F,N,targeted mutation
456,126,F,F,P,targeted mutation
456,126,F,F,Q,targeted mutation
456,126,F,F,R,targeted mutation
456,126,F,F,S,targeted mutation
456,126,F,F,T,targeted mutation
456,126,F,F,V,targeted mutation
456,126,F,F,W,targeted mutation
456,126,F,F,Y,targeted mutation
457,127,R,R,G,targeted mutation
457,127,R,R,K,targeted mutation
457,127,R,R,M,targeted mutation
457,127,R,R,Q,targeted mutation
457,127,R,R,S,targeted mutation
458,128,K,K,E,targeted mutation
458,128,K,K,L,targeted mutation
458,128,K,K,M,targeted mutation
458,128,K,K,N,targeted mutation
458,128,K,K,Q,targeted mutation
458,128,K,K,R,targeted mutation
458,128,K,K,S,targeted mutation
458,128,K,K,T,targeted mutation
459,129,S,S,A,targeted mutation
459,129,S,S,D,targeted mutation
459,129,S,S,F,targeted mutation
459,129,S,S,K,targeted mutation
459,129,S,S,P,targeted mutation
459,129,S,S,T,targeted mutation
459,129,S,S,Y,targeted mutation
460,130,K,N,A,targeted mutation
460,130,K,N,C,targeted mutation
460,130,K,N,D,targeted mutation
460,130,K,N,E,targeted mutation
460,130,K,N,F,targeted mutation
460,130,K,N,G,targeted mutation
460,130,K,N,H,targeted mutation
460,130,K,N,I,targeted mutation
460,130,K,N,L,targeted mutation
460,130,K,N,M,targeted mutation
460,130,K,N,N,targeted mutation
460,130,K,N,P,targeted mutation
460,130,K,N,Q,targeted mutation
460,130,K,N,R,targeted mutation
460,130,K,N,S,targeted mutation
460,130,K,N,T,targeted mutation
460,130,K,N,V,targeted mutation
460,130,K,N,W,targeted mutation
460,130,K,N,Y,targeted mutation
461,131,L,L,F,targeted mutation
461,131,L,L,I,targeted mutation
461,131,L,L,S,targeted mutation
462,132,K,K,A,targeted mutation
462,132,K,K,C,targeted mutation
462,132,K,K,D,targeted mutation
462,132,K,K,E,targeted mutation
462,132,K,K,F,targeted mutation
462,132,K,K,G,targeted mutation
462,132,K,K,H,targeted mutation
462,132,K,K,I,targeted mutation
462,132,K,K,L,targeted mutation
462,132,K,K,M,targeted mutation
462,132,K,K,N,targeted mutation
462,132,K,K,P,targeted mutation
462,132,K,K,Q,targeted mutation
462,132,K,K,R,targeted mutation
462,132,K,K,S,targeted mutation
462,132,K,K,T,targeted mutation
462,132,K,K,V,targeted mutation
462,132,K,K,W,targeted mutation
462,132,K,K,Y,targeted mutation
463,133,P,P,A,targeted mutation
463,133,P,P,F,targeted mutation
463,133,P,P,G,targeted mutation
463,133,P,P,H,targeted mutation
463,133,P,P,K,targeted mutation
463,133,P,P,L,targeted mutation
463,133,P,P,R,targeted mutation
463,133,P,P,S,targeted mutation
463,133,P,P,T,targeted mutation
464,134,F,F,I,targeted mutation
464,134,F,F,L,targeted mutation
464,134,F,F,S,targeted mutation
464,134,F,F,V,targeted mutation
464,134,F,F,Y,targeted mutation
465,135,E,E,A,targeted mutation
465,135,E,E,D,targeted mutation
465,135,E,E,G,targeted mutation
465,135,E,E,P,targeted mutation
465,135,E,E,R,targeted mutation
465,135,E,E,V,targeted mutation
466,136,R,R,D,targeted mutation
466,136,R,R,I,targeted mutation
466,136,R,R,K,targeted mutation
466,136,R,R,S,targeted mutation
467,137,D,D,E,targeted mutation
467,137,D,D,L,targeted mutation
467,137,D,D,N,targeted mutation
467,137,D,D,Y,targeted mutation
468,138,I,I,A,targeted mutation
468,138,I,I,C,targeted mutation
468,138,I,I,D,targeted mutation
468,138,I,I,E,targeted mutation
468,138,I,I,F,targeted mutation
468,138,I,I,G,targeted mutation
468,138,I,I,H,targeted mutation
468,138,I,I,K,targeted mutation
468,138,I,I,L,targeted mutation
468,138,I,I,M,targeted mutation
468,138,I,I,N,targeted mutation
468,138,I,I,P,targeted mutation
468,138,I,I,Q,targeted mutation
468,138,I,I,R,targeted mutation
468,138,I,I,S,targeted mutation
468,138,I,I,T,targeted mutation
468,138,I,I,V,targeted mutation
468,138,I,I,W,targeted mutation
468,138,I,I,Y,targeted mutation
469,139,S,S,A,targeted mutation
469,139,S,S,C,targeted mutation
469,139,S,S,L,targeted mutation
469,139,S,S,M,targeted mutation
469,139,S,S,N,targeted mutation
469,139,S,S,T,targeted mutation
470,140,T,T,A,targeted mutation
470,140,T,T,I,targeted mutation
470,140,T,T,K,targeted mutation
470,140,T,T,N,targeted mutation
470,140,T,T,P,targeted mutation
470,140,T,T,R,targeted mutation
470,140,T,T,S,targeted mutation
471,141,E,E,A,targeted mutation
471,141,E,E,D,targeted mutation
471,141,E,E,G,targeted mutation
471,141,E,E,K,targeted mutation
471,141,E,E,N,targeted mutation
471,141,E,E,Q,targeted mutation
471,141,E,E,S,targeted mutation
471,141,E,E,V,targeted mutation
472,142,I,I,A,targeted mutation
472,142,I,I,C,targeted mutation
472,142,I,I,D,targeted mutation
472,142,I,I,E,targeted mutation
472,142,I,I,F,targeted mutation
472,142,I,I,G,targeted mutation
472,142,I,I,H,targeted mutation
472,142,I,I,K,targeted mutation
472,142,I,I,L,targeted mutation
472,142,I,I,M,targeted mutation
472,142,I,I,N,targeted mutation
472,142,I,I,P,targeted mutation
472,142,I,I,Q,targeted mutation
472,142,I,I,R,targeted mutation
472,142,I,I,S,targeted mutation
472,142,I,I,T,targeted mutation
472,142,I,I,V,targeted mutation
472,142,I,I,W,targeted mutation
472,142,I,I,Y,targeted mutation
473,143,Y,Y,A,targeted mutation
473,143,Y,Y,C,targeted mutation
473,143,Y,Y,D,targeted mutation
473,143,Y,Y,E,targeted mutation
473,143,Y,Y,F,targeted mutation
473,143,Y,Y,G,targeted mutation
473,143,Y,Y,H,targeted mutation
473,143,Y,Y,I,targeted mutation
473,143,Y,Y,K,targeted mutation
473,143,Y,Y,L,targeted mutation
473,143,Y,Y,M,targeted mutation
473,143,Y,Y,N,targeted mutation
473,143,Y,Y,P,targeted mutation
473,143,Y,Y,Q,targeted mutation
473,143,Y,Y,R,targeted mutation
473,143,Y,Y,S,targeted mutation
473,143,Y,Y,T,targeted mutation
473,143,Y,Y,V,targeted mutation
473,143,Y,Y,W,targeted mutation
474,144,Q,Q,E,targeted mutation
474,144,Q,Q,F,targeted mutation
474,144,Q,Q,G,targeted mutation
474,144,Q,Q,H,targeted mutation
474,144,Q,Q,K,targeted mutation
474,144,Q,Q,L,targeted mutation
474,144,Q,Q,P,targeted mutation
474,144,Q,Q,R,targeted mutation
474,144,Q,Q,S,targeted mutation
475,145,A,A,C,targeted mutation
475,145,A,A,D,targeted mutation
475,145,A,A,E,targeted mutation
475,145,A,A,F,targeted mutation
475,145,A,A,G,targeted mutation
475,145,A,A,H,targeted mutation
475,145,A,A,I,targeted mutation
475,145,A,A,K,targeted mutation
475,145,A,A,L,targeted mutation
475,145,A,A,M,targeted mutation
475,145,A,A,N,targeted mutation
475,145,A,A,P,targeted mutation
475,145,A,A,Q,targeted mutation
475,145,A,A,R,targeted mutation
475,145,A,A,S,targeted mutation
475,145,A,A,T,targeted mutation
475,145,A,A,V,targeted mutation
475,145,A,A,W,targeted mutation
475,145,A,A,Y,targeted mutation
476,146,G,G,A,targeted mutation
476,146,G,G,C,targeted mutation
476,146,G,G,D,targeted mutation
476,146,G,G,K,targeted mutation
476,146,G,G,N,targeted mutation
476,146,G,G,R,targeted mutation
476,146,G,G,S,targeted mutation
476,146,G,G,T,targeted mutation
476,146,G,G,V,targeted mutation
477,147,N,S,A,targeted mutation
477,147,N,S,C,targeted mutation
477,147,N,S,D,targeted mutation
477,147,N,S,E,targeted mutation
477,147,N,S,F,targeted mutation
477,147,N,S,G,targeted mutation
477,147,N,S,H,targeted mutation
477,147,N,S,I,targeted mutation
477,147,N,S,K,targeted mutation
477,147,N,S,L,targeted mutation
477,147,N,S,M,targeted mutation
477,147,N,S,P,targeted mutation
477,147,N,S,Q,targeted mutation
477,147,N,S,R,targeted mutation
477,147,N,S,S,targeted mutation
477,147,N,S,T,targeted mutation
477,147,N,S,V,targeted mutation
477,147,N,S,W,targeted mutation
477,147,N,S,Y,targeted mutation
478,148,K,T,A,targeted mutation
478,148,K,T,C,targeted mutation
478,148,K,T,D,targeted mutation
478,148,K,T,E,targeted mutation
478,148,K,T,F,targeted mutation
478,148,K,T,G,targeted mutation
478,148,K,T,H,targeted mutation
478,148,K,T,I,targeted mutation
478,148,K,T,L,targeted mutation
478,148,K,T,M,targeted mutation
478,148,K,T,N,targeted mutation
478,148,K,T,P,targeted mutation
478,148,K,T,Q,targeted mutation
478,148,K,T,R,targeted mutation
478,148,K,T,S,targeted mutation
478,148,K,T,T,targeted mutation
478,148,K,T,V,targeted mutation
478,148,K,T,W,targeted mutation
478,148,K,T,Y,targeted mutation
479,149,P,P,A,targeted mutation
479,149,P,P,G,targeted mutation
479,149,P,P,H,targeted mutation
479,149,P,P,L,targeted mutation
479,149,P,P,R,targeted mutation
479,149,P,P,S,targeted mutation
479,149,P,P,T,targeted mutation
480,150,C,C,L,targeted mutation
480,150,C,C,S,targeted mutation
480,150,C,C,T,targeted mutation
480,150,C,C,V,targeted mutation
481,151,N,N,D,targeted mutation
481,151,N,N,H,targeted mutation
481,151,N,N,I,targeted mutation
481,151,N,N,K,targeted mutation
481,151,N,N,M,targeted mutation
481,151,N,N,S,targeted mutation
481,151,N,N,T,targeted mutation
481,151,N,N,Y,targeted mutation
482,152,G,G,A,targeted mutation
482,152,G,G,D,targeted mutation
482,152,G,G,L,targeted mutation
482,152,G,G,R,targeted mutation
482,152,G,G,S,targeted mutation
482,152,G,G,V,targeted mutation
483,153,V,V,-,targeted mutation
483,153,V,V,A,targeted mutation
483,153,V,V,F,targeted mutation
483,153,V,V,G,targeted mutation
483,153,V,V,I,targeted mutation
483,153,V,V,L,targeted mutation
484,154,A,E,-,targeted mutation
484,154,A,E,C,targeted mutation
484,154,A,E,D,targeted mutation
484,154,A,E,E,targeted mutation
484,154,A,E,F,targeted mutation
484,154,A,E,G,targeted mutation
484,154,A,E,H,targeted mutation
484,154,A,E,I,targeted mutation
484,154,A,E,K,targeted mutation
484,154,A,E,L,targeted mutation
484,154,A,E,M,targeted mutation
484,154,A,E,N,targeted mutation
484,154,A,E,P,targeted mutation
484,154,A,E,Q,targeted mutation
484,154,A,E,R,targeted mutation
484,154,A,E,S,targeted mutation
484,154,A,E,T,targeted mutation
484,154,A,E,V,targeted mutation
484,154,A,E,W,targeted mutation
484,154,A,E,Y,targeted mutation
485,155,G,G,-,targeted mutation
485,155,G,G,A,targeted mutation
485,155,G,G,C,targeted mutation
485,155,G,G,D,targeted mutation
485,155,G,G,R,targeted mutation
485,155,G,G,S,targeted mutation
485,155,G,G,V,targeted mutation
486,156,P,F,-,targeted mutation
486,156,P,F,A,targeted mutation
486,156,P,F,C,targeted mutation
486,156,P,F,D,targeted mutation
486,156,P,F,E,targeted mutation
486,156,P,F,F,targeted mutation
486,156,P,F,G,targeted mutation
486,156,P,F,H,targeted mutation
486,156,P,F,I,targeted mutation
486,156,P,F,K,targeted mutation
486,156,P,F,L,targeted mutation
486,156,P,F,M,targeted mutation
486,156,P,F,N,targeted mutation
486,156,P,F,Q,targeted mutation
486,156,P,F,R,targeted mutation
486,156,P,F,S,targeted mutation
486,156,P,F,T,targeted mutation
486,156,P,F,V,targeted mutation
486,156,P,F,W,targeted mutation
486,156,P,F,Y,targeted mutation
487,157,N,N,D,targeted mutation
487,157,N,N,H,targeted mutation
487,157,N,N,I,targeted mutation
487,157,N,N,K,targeted mutation
487,157,N,N,S,targeted mutation
487,157,N,N,T,targeted mutation
488,158,C,C,I,targeted mutation
488,158,C,C,L,targeted mutation
488,158,C,C,V,targeted mutation
488,158,C,C,W,targeted mutation
488,158,C,C,Y,targeted mutation
489,159,Y,Y,F,targeted mutation
489,159,Y,Y,H,targeted mutation
489,159,Y,Y,L,targeted mutation
489,159,Y,Y,T,targeted mutation
489,159,Y,Y,W,targeted mutation
490,160,F,F,A,targeted mutation
490,160,F,F,C,targeted mutation
490,160,F,F,D,targeted mutation
490,160,F,F,E,targeted mutation
490,160,F,F,G,targeted mutation
490,160,F,F,H,targeted mutation
490,160,F,F,I,targeted mutation
490,160,F,F,K,targeted mutation
490,160,F,F,L,targeted mutation
490,160,F,F,M,targeted mutation
490,160,F,F,N,targeted mutation
490,160,F,F,P,targeted mutation
490,160,F,F,Q,targeted mutation
490,160,F,F,R,targeted mutation
490,160,F,F,S,targeted mutation
490,160,F,F,T,targeted mutation
490,160,F,F,V,targeted mutation
490,160,F,F,W,targeted mutation
490,160,F,F,Y,targeted mutation
491,161,P,P,L,targeted mutation
491,161,P,P,Q,targeted mutation
491,161,P,P,S,targeted mutation
491,161,P,P,T,targeted mutation
491,161,P,P,V,targeted mutation
492,162,L,L,F,targeted mutation
492,162,L,L,I,targeted mutation
492,162,L,L,T,targeted mutation
492,162,L,L,V,targeted mutation
492,162,L,L,Y,targeted mutation
493,163,Q,Q,E,targeted mutation
493,163,Q,Q,F,targeted mutation
493,163,Q,Q,H,targeted mutation
493,163,Q,Q,K,targeted mutation
493,163,Q,Q,L,targeted mutation
493,163,Q,Q,N,targeted mutation
493,163,Q,Q,P,targeted mutation
493,163,Q,Q,R,targeted mutation
493,163,Q,Q,T,targeted mutation
494,164,S,S,A,targeted mutation
494,164,S,S,C,targeted mutation
494,164,S,S,D,targeted mutation
494,164,S,S,E,targeted mutation
494,164,S,S,F,targeted mutation
494,164,S,S,G,targeted mutation
494,164,S,S,H,targeted mutation
494,164,S,S,I,targeted mutation
494,164,S,S,K,targeted mutation
494,164,S,S,L,targeted mutation
494,164,S,S,M,targeted mutation
494,164,S,S,N,targeted mutation
494,164,S,S,P,targeted mutation
494,164,S,S,Q,targeted mutation
494,164,S,S,R,targeted mutation
494,164,S,S,T,targeted mutation
494,164,S,S,V,targeted mutation
494,164,S,S,W,targeted mutation
494,164,S,S,Y,targeted mutation
495,165,Y,Y,F,targeted mutation
495,165,Y,Y,H,targeted mutation
495,165,Y,Y,I,targeted mutation
495,165,Y,Y,Q,targeted mutation
495,165,Y,Y,S,targeted mutation
495,165,Y,Y,W,targeted mutation
496,166,G,G,A,targeted mutation
496,166,G,G,C,targeted mutation
496,166,G,G,D,targeted mutation
496,166,G,G,M,targeted mutation
496,166,G,G,N,targeted mutation
496,166,G,G,R,targeted mutation
496,166,G,G,S,targeted mutation
496,166,G,G,T,targeted mutation
496,166,G,G,V,targeted mutation
496,166,G,G,W,targeted mutation
497,167,F,F,H,targeted mutation
497,167,F,F,I,targeted mutation
497,167,F,F,L,targeted mutation
497,167,F,F,S,targeted mutation
497,167,F,F,W,targeted mutation
498,168,R,Q,A,targeted mutation
498,168,R,Q,C,targeted mutation
498,168,R,Q,D,targeted mutation
498,168,R,Q,E,targeted mutation
498,168,R,Q,F,targeted mutation
498,168,R,Q,G,targeted mutation
498,168,R,Q,H,targeted mutation
498,168,R,Q,I,targeted mutation
498,168,R,Q,K,targeted mutation
498,168,R,Q,L,targeted mutation
498,168,R,Q,M,targeted mutation
498,168,R,Q,N,targeted mutation
498,168,R,Q,P,targeted mutation
498,168,R,Q,Q,targeted mutation
498,168,R,Q,S,targeted mutation
498,168,R,Q,T,targeted mutation
498,168,R,Q,V,targeted mutation
498,168,R,Q,W,targeted mutation
498,168,R,Q,Y,targeted mutation
499,169,P,P,H,targeted mutation
499,169,P,P,L,targeted mutation
499,169,P,P,Q,targeted mutation
499,169,P,P,R,targeted mutation
499,169,P,P,S,targeted mutation
499,169,P,P,T,targeted mutation
499,169,P,P,V,targeted mutation
500,170,T,T,A,targeted mutation
500,170,T,T,I,targeted mutation
500,170,T,T,L,targeted mutation
500,170,T,T,N,targeted mutation
500,170,T,T,P,targeted mutation
500,170,T,T,S,targeted mutation
501,171,Y,N,A,targeted mutation
501,171,Y,N,C,targeted mutation
501,171,Y,N,D,targeted mutation
501,171,Y,N,E,targeted mutation
501,171,Y,N,F,targeted mutation
501,171,Y,N,G,targeted mutation
501,171,Y,N,H,targeted mutation
501,171,Y,N,I,targeted mutation
501,171,Y,N,K,targeted mutation
501,171,Y,N,L,targeted mutation
501,171,Y,N,M,targeted mutation
501,171,Y,N,N,targeted mutation
501,171,Y,N,P,targeted mutation
501,171,Y,N,Q,targeted mutation
501,171,Y,N,R,targeted mutation
501,171,Y,N,S,targeted mutation
501,171,Y,N,T,targeted mutation
501,171,Y,N,V,targeted mutation
501,171,Y,N,W,targeted mutation
502,172,G,G,A,targeted mutation
502,172,G,G,C,targeted mutation
502,172,G,G,D,targeted mutation
502,172,G,G,L,targeted mutation
502,172,G,G,N,targeted mutation
502,172,G,G,S,targeted mutation
502,172,G,G,V,targeted mutation
503,173,V,V,A,targeted mutation
503,173,V,V,C,targeted mutation
503,173,V,V,D,targeted mutation
503,173,V,V,F,targeted mutation
503,173,V,V,G,targeted mutation
503,173,V,V,I,targeted mutation
503,173,V,V,L,targeted mutation
503,173,V,V,S,targeted mutation
503,173,V,V,T,targeted mutation
504,174,G,G,A,targeted mutation
504,174,G,G,C,targeted mutation
504,174,G,G,D,targeted mutation
504,174,G,G,E,targeted mutation
504,174,G,G,L,targeted mutation
504,174,G,G,N,targeted mutation
504,174,G,G,S,targeted mutation
504,174,G,G,T,targeted mutation
504,174,G,G,V,targeted mutation
504,174,G,G,W,targeted mutation
505,175,H,Y,A,targeted mutation
505,175,H,Y,C,targeted mutation
505,175,H,Y,D,targeted mutation
505,175,H,Y,E,targeted mutation
505,175,H,Y,F,targeted mutation
505,175,H,Y,G,targeted mutation
505,175,H,Y,I,targeted mutation
505,175,H,Y,K,targeted mutation
505,175,H,Y,L,targeted mutation
505,175,H,Y,M,targeted mutation
505,175,H,Y,N,targeted mutation
505,175,H,Y,P,targeted mutation
505,175,H,Y,Q,targeted mutation
505,175,H,Y,R,targeted mutation
505,175,H,Y,S,targeted mutation
505,175,H,Y,T,targeted mutation
505,175,H,Y,V,targeted mutation
505,175,H,Y,W,targeted mutation
505,175,H,Y,Y,targeted mutation
506,176,Q,Q,H,targeted mutation
506,176,Q,Q,K,targeted mutation
506,176,Q,Q,L,targeted mutation
507,177,P,P,A,targeted mutation
507,177,P,P,L,targeted mutation
507,177,P,P,S,targeted mutation
507,177,P,P,T,targeted mutation
508,178,Y,Y,C,targeted mutation
508,178,Y,Y,D,targeted mutation
508,178,Y,Y,F,targeted mutation
508,178,Y,Y,H,targeted mutation
508,178,Y,Y,L,targeted mutation
508,178,Y,Y,N,targeted mutation
509,179,R,R,F,targeted mutation
509,179,R,R,I,targeted mutation
509,179,R,R,K,targeted mutation
509,179,R,R,M,targeted mutation
509,179,R,R,Q,targeted mutation
509,179,R,R,S,targeted mutation
509,179,R,R,T,targeted mutation
510,180,V,V,A,targeted mutation
510,180,V,V,I,targeted mutation
510,180,V,V,L,targeted mutation
511,181,V,V,I,targeted mutation
511,181,V,V,L,targeted mutation
511,181,V,V,S,targeted mutation
511,181,V,V,T,targeted mutation
512,182,V,V,A,targeted mutation
512,182,V,V,I,targeted mutation
512,182,V,V,L,targeted mutation
512,182,V,V,S,targeted mutation
513,183,L,L,F,targeted mutation
513,183,L,L,I,targeted mutation
513,183,L,L,P,targeted mutation
513,183,L,L,T,targeted mutation
513,183,L,L,V,targeted mutation
514,184,S,S,A,targeted mutation
514,184,S,S,F,targeted mutation
514,184,S,S,N,targeted mutation
514,184,S,S,T,targeted mutation
514,184,S,S,Y,targeted mutation
515,185,F,F,L,targeted mutation
515,185,F,F,S,targeted mutation
516,186,E,E,A,targeted mutation
516,186,E,E,D,targeted mutation
516,186,E,E,G,targeted mutation
516,186,E,E,K,targeted mutation
516,186,E,E,N,targeted mutation
516,186,E,E,Q,targeted mutation
516,186,E,E,S,targeted mutation
516,186,E,E,V,targeted mutation
517,187,L,L,F,targeted mutation
517,187,L,L,H,targeted mutation
517,187,L,L,I,targeted mutation
517,187,L,L,P,targeted mutation
517,187,L,L,R,targeted mutation
517,187,L,L,T,targeted mutation
517,187,L,L,V,targeted mutation
517,187,L,L,Y,targeted mutation
518,188,L,L,F,targeted mutation
518,188,L,L,I,targeted mutation
518,188,L,L,M,targeted mutation
518,188,L,L,P,targeted mutation
518,188,L,L,Q,targeted mutation
518,188,L,L,S,targeted mutation
518,188,L,L,V,targeted mutation
519,189,H,H,D,targeted mutation
519,189,H,H,F,targeted mutation
519,189,H,H,L,targeted mutation
519,189,H,H,N,targeted mutation
519,189,H,H,P,targeted mutation
519,189,H,H,Q,targeted mutation
519,189,H,H,R,targeted mutation
519,189,H,H,V,targeted mutation
519,189,H,H,Y,targeted mutation
520,190,A,A,E,targeted mutation
520,190,A,A,G,targeted mutation
520,190,A,A,P,targeted mutation
520,190,A,A,Q,targeted mutation
520,190,A,A,S,targeted mutation
520,190,A,A,T,targeted mutation
520,190,A,A,V,targeted mutation
521,191,P,P,A,targeted mutation
521,191,P,P,E,targeted mutation
521,191,P,P,L,targeted mutation
521,191,P,P,Q,targeted mutation
521,191,P,P,R,targeted mutation
521,191,P,P,S,targeted mutation
521,191,P,P,T,targeted mutation
522,192,A,A,E,targeted mutation
522,192,A,A,L,targeted mutation
522,192,A,A,P,targeted mutation
522,192,A,A,Q,targeted mutation
522,192,A,A,S,targeted mutation
522,192,A,A,T,targeted mutation
522,192,A,A,V,targeted mutation
523,193,T,T,A,targeted mutation
523,193,T,T,F,targeted mutation
523,193,T,T,I,targeted mutation
523,193,T,T,N,targeted mutation
523,193,T,T,P,targeted mutation
523,193,T,T,S,targeted mutation
524,194,V,V,C,targeted mutation
524,194,V,V,F,targeted mutation
524,194,V,V,G,targeted mutation
524,194,V,V,I,targeted mutation
525,195,C,C,F,targeted mutation
525,195,C,C,L,targeted mutation
525,195,C,C,W,targeted mutation
526,196,G,G,V,targeted mutation
527,197,P,P,H,targeted mutation
527,197,P,P,L,targeted mutation
527,197,P,P,S,targeted mutation
527,197,P,P,T,targeted mutation
528,198,K,K,E,targeted mutation
528,198,K,K,I,targeted mutation
528,198,K,K,Q,targeted mutation
528,198,K,K,R,targeted mutation
528,198,K,K,T,targeted mutation
529,199,K,K,E,targeted mutation
529,199,K,K,L,targeted mutation
529,199,K,K,M,targeted mutation
529,199,K,K,N,targeted mutation
529,199,K,K,Q,targeted mutation
529,199,K,K,R,targeted mutation
529,199,K,K,S,targeted mutation
529,199,K,K,T,targeted mutation
529,199,K,K,V,targeted mutation
530,200,S,S,F,targeted mutation
530,200,S,S,T,targeted mutation
530,200,S,S,Y,targeted mutation
531,201,T,T,L,targeted mutation
531,201,T,T,S,targeted mutation
339,9,H,G,A,saturated site
339,9,H,G,C,saturated site
339,9,H,G,D,saturated site
339,9,H,G,E,saturated site
339,9,H,G,F,saturated site
339,9,H,G,G,saturated site
339,9,H,G,H,saturated site
339,9,H,G,I,saturated site
339,9,H,G,K,saturated site
339,9,H,G,L,saturated site
339,9,H,G,M,saturated site
339,9,H,G,N,saturated site
339,9,H,G,P,saturated site
339,9,H,G,Q,saturated site
339,9,H,G,R,saturated site
339,9,H,G,S,saturated site
339,9,H,G,T,saturated site
339,9,H,G,V,saturated site
339,9,H,G,W,saturated site
339,9,H,G,Y,saturated site
339,9,H,G,*,saturated site
346,16,T,R,A,saturated site
346,16,T,R,C,saturated site
346,16,T,R,D,saturated site
346,16,T,R,E,saturated site
346,16,T,R,F,saturated site
346,16,T,R,G,saturated site
346,16,T,R,H,saturated site
346,16,T,R,I,saturated site
346,16,T,R,K,saturated site
346,16,T,R,L,saturated site
346,16,T,R,M,saturated site
346,16,T,R,N,saturated site
346,16,T,R,P,saturated site
346,16,T,R,Q,saturated site
346,16,T,R,R,saturated site
346,16,T,R,S,saturated site
346,16,T,R,T,saturated site
346,16,T,R,V,saturated site
346,16,T,R,W,saturated site
346,16,T,R,Y,saturated site
346,16,T,R,*,saturated site
347,17,F,F,A,saturated site
347,17,F,F,C,saturated site
347,17,F,F,D,saturated site
347,17,F,F,E,saturated site
347,17,F,F,F,saturated site
347,17,F,F,G,saturated site
347,17,F,F,H,saturated site
347,17,F,F,I,saturated site
347,17,F,F,K,saturated site
347,17,F,F,L,saturated site
347,17,F,F,M,saturated site
347,17,F,F,N,saturated site
347,17,F,F,P,saturated site
347,17,F,F,Q,saturated site
347,17,F,F,R,saturated site
347,17,F,F,S,saturated site
347,17,F,F,T,saturated site
347,17,F,F,V,saturated site
347,17,F,F,W,saturated site
347,17,F,F,Y,saturated site
347,17,F,F,*,saturated site
348,18,A,A,A,saturated site
348,18,A,A,C,saturated site
348,18,A,A,D,saturated site
348,18,A,A,E,saturated site
348,18,A,A,F,saturated site
348,18,A,A,G,saturated site
348,18,A,A,H,saturated site
348,18,A,A,I,saturated site
348,18,A,A,K,saturated site
348,18,A,A,L,saturated site
348,18,A,A,M,saturated site
348,18,A,A,N,saturated site
348,18,A,A,P,saturated site
348,18,A,A,Q,saturated site
348,18,A,A,R,saturated site
348,18,A,A,S,saturated site
348,18,A,A,T,saturated site
348,18,A,A,V,saturated site
348,18,A,A,W,saturated site
348,18,A,A,Y,saturated site
348,18,A,A,*,saturated site
352,22,A,A,A,saturated site
352,22,A,A,C,saturated site
352,22,A,A,D,saturated site
352,22,A,A,E,saturated site
352,22,A,A,F,saturated site
352,22,A,A,G,saturated site
352,22,A,A,H,saturated site
352,22,A,A,I,saturated site
352,22,A,A,K,saturated site
352,22,A,A,L,saturated site
352,22,A,A,M,saturated site
352,22,A,A,N,saturated site
352,22,A,A,P,saturated site
352,22,A,A,Q,saturated site
352,22,A,A,R,saturated site
352,22,A,A,S,saturated site
352,22,A,A,T,saturated site
352,22,A,A,V,saturated site
352,22,A,A,W,saturated site
352,22,A,A,Y,saturated site
352,22,A,A,*,saturated site
356,26,K,K,A,saturated site
356,26,K,K,C,saturated site
356,26,K,K,D,saturated site
356,26,K,K,E,saturated site
356,26,K,K,F,saturated site
356,26,K,K,G,saturated site
356,26,K,K,H,saturated site
356,26,K,K,I,saturated site
356,26,K,K,K,saturated site
356,26,K,K,L,saturated site
356,26,K,K,M,saturated site
356,26,K,K,N,saturated site
356,26,K,K,P,saturated site
356,26,K,K,Q,saturated site
356,26,K,K,R,saturated site
356,26,K,K,S,saturated site
356,26,K,K,T,saturated site
356,26,K,K,V,saturated site
356,26,K,K,W,saturated site
356,26,K,K,Y,saturated site
356,26,K,K,*,saturated site
357,27,R,R,A,saturated site
357,27,R,R,C,saturated site
357,27,R,R,D,saturated site
357,27,R,R,E,saturated site
357,27,R,R,F,saturated site
357,27,R,R,G,saturated site
357,27,R,R,H,saturated site
357,27,R,R,I,saturated site
357,27,R,R,K,saturated site
357,27,R,R,L,saturated site
357,27,R,R,M,saturated site
357,27,R,R,N,saturated site
357,27,R,R,P,saturated site
357,27,R,R,Q,saturated site
357,27,R,R,R,saturated site
357,27,R,R,S,saturated site
357,27,R,R,T,saturated site
357,27,R,R,V,saturated site
357,27,R,R,W,saturated site
357,27,R,R,Y,saturated site
357,27,R,R,*,saturated site
368,38,I,L,A,saturated site
368,38,I,L,C,saturated site
368,38,I,L,D,saturated site
368,38,I,L,E,saturated site
368,38,I,L,F,saturated site
368,38,I,L,G,saturated site
368,38,I,L,H,saturated site
368,38,I,L,I,saturated site
368,38,I,L,K,saturated site
368,38,I,L,L,saturated site
368,38,I,L,M,saturated site
368,38,I,L,N,saturated site
368,38,I,L,P,saturated site
368,38,I,L,Q,saturated site
368,38,I,L,R,saturated site
368,38,I,L,S,saturated site
368,38,I,L,T,saturated site
368,38,I,L,V,saturated site
368,38,I,L,W,saturated site
368,38,I,L,Y,saturated site
368,38,I,L,*,saturated site
371,41,F,S,A,saturated site
371,41,F,S,C,saturated site
371,41,F,S,D,saturated site
371,41,F,S,E,saturated site
371,41,F,S,F,saturated site
371,41,F,S,G,saturated site
371,41,F,S,H,saturated site
371,41,F,S,I,saturated site
371,41,F,S,K,saturated site
371,41,F,S,L,saturated site
371,41,F,S,M,saturated site
371,41,F,S,N,saturated site
371,41,F,S,P,saturated site
371,41,F,S,Q,saturated site
371,41,F,S,R,saturated site
371,41,F,S,S,saturated site
371,41,F,S,T,saturated site
371,41,F,S,V,saturated site
371,41,F,S,W,saturated site
371,41,F,S,Y,saturated site
371,41,F,S,*,saturated site
373,43,P,S,A,saturated site
373,43,P,S,C,saturated site
373,43,P,S,D,saturated site
373,43,P,S,E,saturated site
373,43,P,S,F,saturated site
373,43,P,S,G,saturated site
373,43,P,S,H,saturated site
373,43,P,S,I,saturated site
373,43,P,S,K,saturated site
373,43,P,S,L,saturated site
373,43,P,S,M,saturated site
373,43,P,S,N,saturated site
373,43,P,S,P,saturated site
373,43,P,S,Q,saturated site
373,43,P,S,R,saturated site
373,43,P,S,S,saturated site
373,43,P,S,T,saturated site
373,43,P,S,V,saturated site
373,43,P,S,W,saturated site
373,43,P,S,Y,saturated site
373,43,P,S,*,saturated site
375,45,F,S,A,saturated site
375,45,F,S,C,saturated site
375,45,F,S,D,saturated site
375,45,F,S,E,saturated site
375,45,F,S,F,saturated site
375,45,F,S,G,saturated site
375,45,F,S,H,saturated site
375,45,F,S,I,saturated site
375,45,F,S,K,saturated site
375,45,F,S,L,saturated site
375,45,F,S,M,saturated site
375,45,F,S,N,saturated site
375,45,F,S,P,saturated site
375,45,F,S,Q,saturated site
375,45,F,S,R,saturated site
375,45,F,S,S,saturated site
375,45,F,S,T,saturated site
375,45,F,S,V,saturated site
375,45,F,S,W,saturated site
375,45,F,S,Y,saturated site
375,45,F,S,*,saturated site
376,46,A,T,A,saturated site
376,46,A,T,C,saturated site
376,46,A,T,D,saturated site
376,46,A,T,E,saturated site
376,46,A,T,F,saturated site
376,46,A,T,G,saturated site
376,46,A,T,H,saturated site
376,46,A,T,I,saturated site
376,46,A,T,K,saturated site
376,46,A,T,L,saturated site
376,46,A,T,M,saturated site
376,46,A,T,N,saturated site
376,46,A,T,P,saturated site
376,46,A,T,Q,saturated site
376,46,A,T,R,saturated site
376,46,A,T,S,saturated site
376,46,A,T,T,saturated site
376,46,A,T,V,saturated site
376,46,A,T,W,saturated site
376,46,A,T,Y,saturated site
376,46,A,T,*,saturated site
383,53,S,S,A,saturated site
383,53,S,S,C,saturated site
383,53,S,S,D,saturated site
383,53,S,S,E,saturated site
383,53,S,S,F,saturated site
383,53,S,S,G,saturated site
383,53,S,S,H,saturated site
383,53,S,S,I,saturated site
383,53,S,S,K,saturated site
383,53,S,S,L,saturated site
383,53,S,S,M,saturated site
383,53,S,S,N,saturated site
383,53,S,S,P,saturated site
383,53,S,S,Q,saturated site
383,53,S,S,R,saturated site
383,53,S,S,S,saturated site
383,53,S,S,T,saturated site
383,53,S,S,V,saturated site
383,53,S,S,W,saturated site
383,53,S,S,Y,saturated site
383,53,S,S,*,saturated site
385,55,T,T,A,saturated site
385,55,T,T,C,saturated site
385,55,T,T,D,saturated site
385,55,T,T,E,saturated site
385,55,T,T,F,saturated site
385,55,T,T,G,saturated site
385,55,T,T,H,saturated site
385,55,T,T,I,saturated site
385,55,T,T,K,saturated site
385,55,T,T,L,saturated site
385,55,T,T,M,saturated site
385,55,T,T,N,saturated site
385,55,T,T,P,saturated site
385,55,T,T,Q,saturated site
385,55,T,T,R,saturated site
385,55,T,T,S,saturated site
385,55,T,T,T,saturated site
385,55,T,T,V,saturated site
385,55,T,T,W,saturated site
385,55,T,T,Y,saturated site
385,55,T,T,*,saturated site
405,75,N,D,A,saturated site
405,75,N,D,C,saturated site
405,75,N,D,D,saturated site
405,75,N,D,E,saturated site
405,75,N,D,F,saturated site
405,75,N,D,G,saturated site
405,75,N,D,H,saturated site
405,75,N,D,I,saturated site
405,75,N,D,K,saturated site
405,75,N,D,L,saturated site
405,75,N,D,M,saturated site
405,75,N,D,N,saturated site
405,75,N,D,P,saturated site
405,75,N,D,Q,saturated site
405,75,N,D,R,saturated site
405,75,N,D,S,saturated site
405,75,N,D,T,saturated site
405,75,N,D,V,saturated site
405,75,N,D,W,saturated site
405,75,N,D,Y,saturated site
405,75,N,D,*,saturated site
408,78,S,R,A,saturated site
408,78,S,R,C,saturated site
408,78,S,R,D,saturated site
408,78,S,R,E,saturated site
408,78,S,R,F,saturated site
408,78,S,R,G,saturated site
408,78,S,R,H,saturated site
408,78,S,R,I,saturated site
408,78,S,R,K,saturated site
408,78,S,R,L,saturated site
408,78,S,R,M,saturated site
408,78,S,R,N,saturated site
408,78,S,R,P,saturated site
408,78,S,R,Q,saturated site
408,78,S,R,R,saturated site
408,78,S,R,S,saturated site
408,78,S,R,T,saturated site
408,78,S,R,V,saturated site
408,78,S,R,W,saturated site
408,78,S,R,Y,saturated site
408,78,S,R,*,saturated site
417,87,N,K,A,saturated site
417,87,N,K,C,saturated site
417,87,N,K,D,saturated site
417,87,N,K,E,saturated site
417,87,N,K,F,saturated site
417,87,N,K,G,saturated site
417,87,N,K,H,saturated site
417,87,N,K,I,saturated site
417,87,N,K,K,saturated site
417,87,N,K,L,saturated site
417,87,N,K,M,saturated site
417,87,N,K,N,saturated site
417,87,N,K,P,saturated site
417,87,N,K,Q,saturated site
417,87,N,K,R,saturated site
417,87,N,K,S,saturated site
417,87,N,K,T,saturated site
417,87,N,K,V,saturated site
417,87,N,K,W,saturated site
417,87,N,K,Y,saturated site
417,87,N,K,*,saturated site
440,110,K,N,A,saturated site
440,110,K,N,C,saturated site
440,110,K,N,D,saturated site
440,110,K,N,E,saturated site
440,110,K,N,F,saturated site
440,110,K,N,G,saturated site
440,110,K,N,H,saturated site
440,110,K,N,I,saturated site
440,110,K,N,K,saturated site
440,110,K,N,L,saturated site
440,110,K,N,M,saturated site
440,110,K,N,N,saturated site
440,110,K,N,P,saturated site
440,110,K,N,Q,saturated site
440,110,K,N,R,saturated site
440,110,K,N,S,saturated site
440,110,K,N,T,saturated site
440,110,K,N,V,saturated site
440,110,K,N,W,saturated site
440,110,K,N,Y,saturated site
440,110,K,N,*,saturated site
444,114,K,K,A,saturated site
444,114,K,K,C,saturated site
444,114,K,K,D,saturated site
444,114,K,K,E,saturated site
444,114,K,K,F,saturated site
444,114,K,K,G,saturated site
444,114,K,K,H,saturated site
444,114,K,K,I,saturated site
444,114,K,K,K,saturated site
444,114,K,K,L,saturated site
444,114,K,K,M,saturated site
444,114,K,K,N,saturated site
444,114,K,K,P,saturated site
444,114,K,K,Q,saturated site
444,114,K,K,R,saturated site
444,114,K,K,S,saturated site
444,114,K,K,T,saturated site
444,114,K,K,V,saturated site
444,114,K,K,W,saturated site
444,114,K,K,Y,saturated site
444,114,K,K,*,saturated site
445,115,P,V,A,saturated site
445,115,P,V,C,saturated site
445,115,P,V,D,saturated site
445,115,P,V,E,saturated site
445,115,P,V,F,saturated site
445,115,P,V,G,saturated site
445,115,P,V,H,saturated site
445,115,P,V,I,saturated site
445,115,P,V,K,saturated site
445,115,P,V,L,saturated site
445,115,P,V,M,saturated site
445,115,P,V,N,saturated site
445,115,P,V,P,saturated site
445,115,P,V,Q,saturated site
445,115,P,V,R,saturated site
445,115,P,V,S,saturated site
445,115,P,V,T,saturated site
445,115,P,V,V,saturated site
445,115,P,V,W,saturated site
445,115,P,V,Y,saturated site
445,115,P,V,*,saturated site
446,116,S,G,A,saturated site
446,116,S,G,C,saturated site
446,116,S,G,D,saturated site
446,116,S,G,E,saturated site
446,116,S,G,F,saturated site
446,116,S,G,G,saturated site
446,116,S,G,H,saturated site
446,116,S,G,I,saturated site
446,116,S,G,K,saturated site
446,116,S,G,L,saturated site
446,116,S,G,M,saturated site
446,116,S,G,N,saturated site
446,116,S,G,P,saturated site
446,116,S,G,Q,saturated site
446,116,S,G,R,saturated site
446,116,S,G,S,saturated site
446,116,S,G,T,saturated site
446,116,S,G,V,saturated site
446,116,S,G,W,saturated site
446,116,S,G,Y,saturated site
446,116,S,G,*,saturated site
447,117,G,G,A,saturated site
447,117,G,G,C,saturated site
447,117,G,G,D,saturated site
447,117,G,G,E,saturated site
447,117,G,G,F,saturated site
447,117,G,G,G,saturated site
447,117,G,G,H,saturated site
447,117,G,G,I,saturated site
447,117,G,G,K,saturated site
447,117,G,G,L,saturated site
447,117,G,G,M,saturated site
447,117,G,G,N,saturated site
447,117,G,G,P,saturated site
447,117,G,G,Q,saturated site
447,117,G,G,R,saturated site
447,117,G,G,S,saturated site
447,117,G,G,T,saturated site
447,117,G,G,V,saturated site
447,117,G,G,W,saturated site
447,117,G,G,Y,saturated site
447,117,G,G,*,saturated site
449,119,Y,Y,A,saturated site
449,119,Y,Y,C,saturated site
449,119,Y,Y,D,saturated site
449,119,Y,Y,E,saturated site
449,119,Y,Y,F,saturated site
449,119,Y,Y,G,saturated site
449,119,Y,Y,H,saturated site
449,119,Y,Y,I,saturated site
449,119,Y,Y,K,saturated site
449,119,Y,Y,L,saturated site
449,119,Y,Y,M,saturated site
449,119,Y,Y,N,saturated site
449,119,Y,Y,P,saturated site
449,119,Y,Y,Q,saturated site
449,119,Y,Y,R,saturated site
449,119,Y,Y,S,saturated site
449,119,Y,Y,T,saturated site
449,119,Y,Y,V,saturated site
449,119,Y,Y,W,saturated site
449,119,Y,Y,Y,saturated site
449,119,Y,Y,*,saturated site
450,120,N,N,A,saturated site
450,120,N,N,C,saturated site
450,120,N,N,D,saturated site
450,120,N,N,E,saturated site
450,120,N,N,F,saturated site
450,120,N,N,G,saturated site
450,120,N,N,H,saturated site
450,120,N,N,I,saturated site
450,120,N,N,K,saturated site
450,120,N,N,L,saturated site
450,120,N,N,M,saturated site
450,120,N,N,N,saturated site
450,120,N,N,P,saturated site
450,120,N,N,Q,saturated site
450,120,N,N,R,saturated site
450,120,N,N,S,saturated site
450,120,N,N,T,saturated site
450,120,N,N,V,saturated site
450,120,N,N,W,saturated site
450,120,N,N,Y,saturated site
450,120,N,N,*,saturated site
452,122,L,L,A,saturated site
452,122,L,L,C,saturated site
452,122,L,L,D,saturated site
452,122,L,L,E,saturated site
452,122,L,L,F,saturated site
452,122,L,L,G,saturated site
452,122,L,L,H,saturated site
452,122,L,L,I,saturated site
452,122,L,L,K,saturated site
452,122,L,L,L,saturated site
452,122,L,L,M,saturated site
452,122,L,L,N,saturated site
452,122,L,L,P,saturated site
452,122,L,L,Q,saturated site
452,122,L,L,R,saturated site
452,122,L,L,S,saturated site
452,122,L,L,T,saturated site
452,122,L,L,V,saturated site
452,122,L,L,W,saturated site
452,122,L,L,Y,saturated site
452,122,L,L,*,saturated site
455,125,L,L,A,saturated site
455,125,L,L,C,saturated site
455,125,L,L,D,saturated site
455,125,L,L,E,saturated site
455,125,L,L,F,saturated site
455,125,L,L,G,saturated site
455,125,L,L,H,saturated site
455,125,L,L,I,saturated site
455,125,L,L,K,saturated site
455,125,L,L,L,saturated site
455,125,L,L,M,saturated site
455,125,L,L,N,saturated site
455,125,L,L,P,saturated site
455,125,L,L,Q,saturated site
455,125,L,L,R,saturated site
455,125,L,L,S,saturated site
455,125,L,L,T,saturated site
455,125,L,L,V,saturated site
455,125,L,L,W,saturated site
455,125,L,L,Y,saturated site
455,125,L,L,*,saturated site
456,126,F,F,A,saturated site
456,126,F,F,C,saturated site
456,126,F,F,D,saturated site
456,126,F,F,E,saturated site
456,126,F,F,F,saturated site
456,126,F,F,G,saturated site
456,126,F,F,H,saturated site
456,126,F,F,I,saturated site
456,126,F,F,K,saturated site
456,126,F,F,L,saturated site
456,126,F,F,M,saturated site
456,126,F,F,N,saturated site
456,126,F,F,P,saturated site
456,126,F,F,Q,saturated site
456,126,F,F,R,saturated site
456,126,F,F,S,saturated site
456,126,F,F,T,saturated site
456,126,F,F,V,saturated site
456,126,F,F,W,saturated site
456,126,F,F,Y,saturated site
456,126,F,F,*,saturated site
460,130,K,N,A,saturated site
460,130,K,N,C,saturated site
460,130,K,N,D,saturated site
460,130,K,N,E,saturated site
460,130,K,N,F,saturated site
460,130,K,N,G,saturated site
460,130,K,N,H,saturated site
460,130,K,N,I,saturated site
460,130,K,N,K,saturated site
460,130,K,N,L,saturated site
460,130,K,N,M,saturated site
460,130,K,N,N,saturated site
460,130,K,N,P,saturated site
460,130,K,N,Q,saturated site
460,130,K,N,R,saturated site
460,130,K,N,S,saturated site
460,130,K,N,T,saturated site
460,130,K,N,V,saturated site
460,130,K,N,W,saturated site
460,130,K,N,Y,saturated site
460,130,K,N,*,saturated site
462,132,K,K,A,saturated site
462,132,K,K,C,saturated site
462,132,K,K,D,saturated site
462,132,K,K,E,saturated site
462,132,K,K,F,saturated site
462,132,K,K,G,saturated site
462,132,K,K,H,saturated site
462,132,K,K,I,saturated site
462,132,K,K,K,saturated site
462,132,K,K,L,saturated site
462,132,K,K,M,saturated site
462,132,K,K,N,saturated site
462,132,K,K,P,saturated site
462,132,K,K,Q,saturated site
462,132,K,K,R,saturated site
462,132,K,K,S,saturated site
462,132,K,K,T,saturated site
462,132,K,K,V,saturated site
462,132,K,K,W,saturated site
462,132,K,K,Y,saturated site
462,132,K,K,*,saturated site
468,138,I,I,A,saturated site
468,138,I,I,C,saturated site
468,138,I,I,D,saturated site
468,138,I,I,E,saturated site
468,138,I,I,F,saturated site
468,138,I,I,G,saturated site
468,138,I,I,H,saturated site
468,138,I,I,I,saturated site
468,138,I,I,K,saturated site
468,138,I,I,L,saturated site
468,138,I,I,M,saturated site
468,138,I,I,N,saturated site
468,138,I,I,P,saturated site
468,138,I,I,Q,saturated site
468,138,I,I,R,saturated site
468,138,I,I,S,saturated site
468,138,I,I,T,saturated site
468,138,I,I,V,saturated site
468,138,I,I,W,saturated site
468,138,I,I,Y,saturated site
468,138,I,I,*,saturated site
472,142,I,I,A,saturated site
472,142,I,I,C,saturated site
472,142,I,I,D,saturated site
472,142,I,I,E,saturated site
472,142,I,I,F,saturated site
472,142,I,I,G,saturated site
472,142,I,I,H,saturated site
472,142,I,I,I,saturated site
472,142,I,I,K,saturated site
472,142,I,I,L,saturated site
472,142,I,I,M,saturated site
472,142,I,I,N,saturated site
472,142,I,I,P,saturated site
472,142,I,I,Q,saturated site
472,142,I,I,R,saturated site
472,142,I,I,S,saturated site
472,142,I,I,T,saturated site
472,142,I,I,V,saturated site
472,142,I,I,W,saturated site
472,142,I,I,Y,saturated site
472,142,I,I,*,saturated site
473,143,Y,Y,A,saturated site
473,143,Y,Y,C,saturated site
473,143,Y,Y,D,saturated site
473,143,Y,Y,E,saturated site
473,143,Y,Y,F,saturated site
473,143,Y,Y,G,saturated site
473,143,Y,Y,H,saturated site
473,143,Y,Y,I,saturated site
473,143,Y,Y,K,saturated site
473,143,Y,Y,L,saturated site
473,143,Y,Y,M,saturated site
473,143,Y,Y,N,saturated site
473,143,Y,Y,P,saturated site
473,143,Y,Y,Q,saturated site
473,143,Y,Y,R,saturated site
473,143,Y,Y,S,saturated site
473,143,Y,Y,T,saturated site
473,143,Y,Y,V,saturated site
473,143,Y,Y,W,saturated site
473,143,Y,Y,Y,saturated site
473,143,Y,Y,*,saturated site
475,145,A,A,A,saturated site
475,145,A,A,C,saturated site
475,145,A,A,D,saturated site
475,145,A,A,E,saturated site
475,145,A,A,F,saturated site
475,145,A,A,G,saturated site
475,145,A,A,H,saturated site
475,145,A,A,I,saturated site
475,145,A,A,K,saturated site
475,145,A,A,L,saturated site
475,145,A,A,M,saturated site
475,145,A,A,N,saturated site
475,145,A,A,P,saturated site
475,145,A,A,Q,saturated site
475,145,A,A,R,saturated site
475,145,A,A,S,saturated site
475,145,A,A,T,saturated site
475,145,A,A,V,saturated site
475,145,A,A,W,saturated site
475,145,A,A,Y,saturated site
475,145,A,A,*,saturated site
477,147,N,S,A,saturated site
477,147,N,S,C,saturated site
477,147,N,S,D,saturated site
477,147,N,S,E,saturated site
477,147,N,S,F,saturated site
477,147,N,S,G,saturated site
477,147,N,S,H,saturated site
477,147,N,S,I,saturated site
477,147,N,S,K,saturated site
477,147,N,S,L,saturated site
477,147,N,S,M,saturated site
477,147,N,S,N,saturated site
477,147,N,S,P,saturated site
477,147,N,S,Q,saturated site
477,147,N,S,R,saturated site
477,147,N,S,S,saturated site
477,147,N,S,T,saturated site
477,147,N,S,V,saturated site
477,147,N,S,W,saturated site
477,147,N,S,Y,saturated site
477,147,N,S,*,saturated site
478,148,K,T,A,saturated site
478,148,K,T,C,saturated site
478,148,K,T,D,saturated site
478,148,K,T,E,saturated site
478,148,K,T,F,saturated site
478,148,K,T,G,saturated site
478,148,K,T,H,saturated site
478,148,K,T,I,saturated site
478,148,K,T,K,saturated site
478,148,K,T,L,saturated site
478,148,K,T,M,saturated site
478,148,K,T,N,saturated site
478,148,K,T,P,saturated site
478,148,K,T,Q,saturated site
478,148,K,T,R,saturated site
478,148,K,T,S,saturated site
478,148,K,T,T,saturated site
478,148,K,T,V,saturated site
478,148,K,T,W,saturated site
478,148,K,T,Y,saturated site
478,148,K,T,*,saturated site
484,154,A,E,A,saturated site
484,154,A,E,C,saturated site
484,154,A,E,D,saturated site
484,154,A,E,E,saturated site
484,154,A,E,F,saturated site
484,154,A,E,G,saturated site
484,154,A,E,H,saturated site
484,154,A,E,I,saturated site
484,154,A,E,K,saturated site
484,154,A,E,L,saturated site
484,154,A,E,M,saturated site
484,154,A,E,N,saturated site
484,154,A,E,P,saturated site
484,154,A,E,Q,saturated site
484,154,A,E,R,saturated site
484,154,A,E,S,saturated site
484,154,A,E,T,saturated site
484,154,A,E,V,saturated site
484,154,A,E,W,saturated site
484,154,A,E,Y,saturated site
484,154,A,E,*,saturated site
486,156,P,F,A,saturated site
486,156,P,F,C,saturated site
486,156,P,F,D,saturated site
486,156,P,F,E,saturated site
486,156,P,F,F,saturated site
486,156,P,F,G,saturated site
486,156,P,F,H,saturated site
486,156,P,F,I,saturated site
486,156,P,F,K,saturated site
486,156,P,F,L,saturated site
486,156,P,F,M,saturated site
486,156,P,F,N,saturated site
486,156,P,F,P,saturated site
486,156,P,F,Q,saturated site
486,156,P,F,R,saturated site
486,156,P,F,S,saturated site
486,156,P,F,T,saturated site
486,156,P,F,V,saturated site
486,156,P,F,W,saturated site
486,156,P,F,Y,saturated site
486,156,P,F,*,saturated site
490,160,F,F,A,saturated site
490,160,F,F,C,saturated site
490,160,F,F,D,saturated site
490,160,F,F,E,saturated site
490,160,F,F,F,saturated site
490,160,F,F,G,saturated site
490,160,F,F,H,saturated site
490,160,F,F,I,saturated site
490,160,F,F,K,saturated site
490,160,F,F,L,saturated site
490,160,F,F,M,saturated site
490,160,F,F,N,saturated site
490,160,F,F,P,saturated site
490,160,F,F,Q,saturated site
490,160,F,F,R,saturated site
490,160,F,F,S,saturated site
490,160,F,F,T,saturated site
490,160,F,F,V,saturated site
490,160,F,F,W,saturated site
490,160,F,F,Y,saturated site
490,160,F,F,*,saturated site
494,164,S,S,A,saturated site
494,164,S,S,C,saturated site
494,164,S,S,D,saturated site
494,164,S,S,E,saturated site
494,164,S,S,F,saturated site
494,164,S,S,G,saturated site
494,164,S,S,H,saturated site
494,164,S,S,I,saturated site
494,164,S,S,K,saturated site
494,164,S,S,L,saturated site
494,164,S,S,M,saturated site
494,164,S,S,N,saturated site
494,164,S,S,P,saturated site
494,164,S,S,Q,saturated site
494,164,S,S,R,saturated site
494,164,S,S,S,saturated site
494,164,S,S,T,saturated site
494,164,S,S,V,saturated site
494,164,S,S,W,saturated site
494,164,S,S,Y,saturated site
494,164,S,S,*,saturated site
498,168,R,Q,A,saturated site
498,168,R,Q,C,saturated site
498,168,R,Q,D,saturated site
498,168,R,Q,E,saturated site
498,168,R,Q,F,saturated site
498,168,R,Q,G,saturated site
498,168,R,Q,H,saturated site
498,168,R,Q,I,saturated site
498,168,R,Q,K,saturated site
498,168,R,Q,L,saturated site
498,168,R,Q,M,saturated site
498,168,R,Q,N,saturated site
498,168,R,Q,P,saturated site
498,168,R,Q,Q,saturated site
498,168,R,Q,R,saturated site
498,168,R,Q,S,saturated site
498,168,R,Q,T,saturated site
498,168,R,Q,V,saturated site
498,168,R,Q,W,saturated site
498,168,R,Q,Y,saturated site
498,168,R,Q,*,saturated site
501,171,Y,N,A,saturated site
501,171,Y,N,C,saturated site
501,171,Y,N,D,saturated site
501,171,Y,N,E,saturated site
501,171,Y,N,F,saturated site
501,171,Y,N,G,saturated site
501,171,Y,N,H,saturated site
501,171,Y,N,I,saturated site
501,171,Y,N,K,saturated site
501,171,Y,N,L,saturated site
501,171,Y,N,M,saturated site
501,171,Y,N,N,saturated site
501,171,Y,N,P,saturated site
501,171,Y,N,Q,saturated site
501,171,Y,N,R,saturated site
501,171,Y,N,S,saturated site
501,171,Y,N,T,saturated site
501,171,Y,N,V,saturated site
501,171,Y,N,W,saturated site
501,171,Y,N,Y,saturated site
501,171,Y,N,*,saturated site
505,175,H,Y,A,saturated site
505,175,H,Y,C,saturated site
505,175,H,Y,D,saturated site
505,175,H,Y,E,saturated site
505,175,H,Y,F,saturated site
505,175,H,Y,G,saturated site
505,175,H,Y,H,saturated site
505,175,H,Y,I,saturated site
505,175,H,Y,K,saturated site
505,175,H,Y,L,saturated site
505,175,H,Y,M,saturated site
505,175,H,Y,N,saturated site
505,175,H,Y,P,saturated site
505,175,H,Y,Q,saturated site
505,175,H,Y,R,saturated site
505,175,H,Y,S,saturated site
505,175,H,Y,T,saturated site
505,175,H,Y,V,saturated site
505,175,H,Y,W,saturated site
505,175,H,Y,Y,saturated site
505,175,H,Y,*,saturated site
