reference_site,sequential_site,wildtype_aa,reference_aa,mutant_aa
331,1,N,N,D
331,1,N,N,E
331,1,N,N,H
331,1,N,N,I
331,1,N,N,K
331,1,N,N,R
331,1,N,N,S
331,1,N,N,T
331,1,N,N,Y
332,2,I,I,D
332,2,I,I,F
332,2,I,I,K
332,2,I,I,L
332,2,I,I,N
332,2,I,I,P
332,2,I,I,T
332,2,I,I,V
332,2,I,I,Y
333,3,T,T,A
333,3,T,T,F
333,3,T,T,I
333,3,T,T,K
333,3,T,T,L
333,3,T,T,P
333,3,T,T,S
333,3,T,T,Y
334,4,N,N,D
334,4,N,N,H
334,4,N,N,K
334,4,N,N,Q
334,4,N,N,S
334,4,N,N,T
334,4,N,N,Y
335,5,L,L,A
335,5,L,L,F
335,5,L,L,G
335,5,L,L,I
335,5,L,L,M
335,5,L,L,S
335,5,L,L,T
335,5,L,L,V
336,6,C,C,H
336,6,C,C,K
336,6,C,C,S
336,6,C,C,T
336,6,C,C,V
337,7,P,P,A
337,7,P,P,H
337,7,P,P,K
337,7,P,P,L
337,7,P,P,R
337,7,P,P,S
337,7,P,P,T
338,8,F,F,I
338,8,F,F,L
338,8,F,F,S
338,8,F,F,Y
339,9,H,G,A
339,9,H,G,C
339,9,H,G,D
339,9,H,G,E
339,9,H,G,F
339,9,H,G,G
339,9,H,G,I
339,9,H,G,K
339,9,H,G,L
339,9,H,G,M
339,9,H,G,N
339,9,H,G,P
339,9,H,G,Q
339,9,H,G,R
339,9,H,G,S
339,9,H,G,T
339,9,H,G,V
339,9,H,G,W
339,9,H,G,Y
340,10,E,E,A
340,10,E,E,D
340,10,E,E,G
340,10,E,E,K
340,10,E,E,Q
340,10,E,E,R
340,10,E,E,S
340,10,E,E,V
341,11,V,V,A
341,11,V,V,D
341,11,V,V,F
341,11,V,V,I
341,11,V,V,L
341,11,V,V,M
341,11,V,V,S
342,12,F,F,-
342,12,F,F,I
342,12,F,F,L
342,12,F,F,V
342,12,F,F,Y
343,13,N,N,-
343,13,N,N,D
343,13,N,N,G
343,13,N,N,I
343,13,N,N,K
343,13,N,N,L
343,13,N,N,S
343,13,N,N,T
343,13,N,N,Y
344,14,A,A,-
344,14,A,A,D
344,14,A,A,G
344,14,A,A,I
344,14,A,A,L
344,14,A,A,P
344,14,A,A,R
344,14,A,A,S
344,14,A,A,T
344,14,A,A,V
345,15,T,T,-
345,15,T,T,A
345,15,T,T,G
345,15,T,T,H
345,15,T,T,I
345,15,T,T,N
345,15,T,T,P
345,15,T,T,S
346,16,T,R,-
346,16,T,R,A
346,16,T,R,C
346,16,T,R,D
346,16,T,R,E
346,16,T,R,F
346,16,T,R,G
346,16,T,R,H
346,16,T,R,I
346,16,T,R,K
346,16,T,R,L
346,16,T,R,M
346,16,T,R,N
346,16,T,R,P
346,16,T,R,Q
346,16,T,R,R
346,16,T,R,S
346,16,T,R,V
346,16,T,R,W
346,16,T,R,Y
347,17,F,F,-
347,17,F,F,A
347,17,F,F,C
347,17,F,F,D
347,17,F,F,E
347,17,F,F,G
347,17,F,F,H
347,17,F,F,I
347,17,F,F,K
347,17,F,F,L
347,17,F,F,M
347,17,F,F,N
347,17,F,F,P
347,17,F,F,Q
347,17,F,F,R
347,17,F,F,S
347,17,F,F,T
347,17,F,F,V
347,17,F,F,W
347,17,F,F,Y
348,18,A,A,-
348,18,A,A,C
348,18,A,A,D
348,18,A,A,E
348,18,A,A,F
348,18,A,A,G
348,18,A,A,H
348,18,A,A,I
348,18,A,A,K
348,18,A,A,L
348,18,A,A,M
348,18,A,A,N
348,18,A,A,P
348,18,A,A,Q
348,18,A,A,R
348,18,A,A,S
348,18,A,A,T
348,18,A,A,V
348,18,A,A,W
348,18,A,A,Y
349,19,S,S,-
349,19,S,S,A
349,19,S,S,E
349,19,S,S,F
349,19,S,S,H
349,19,S,S,I
349,19,S,S,L
349,19,S,S,P
349,19,S,S,T
350,20,V,V,A
350,20,V,V,C
350,20,V,V,F
350,20,V,V,I
350,20,V,V,L
350,20,V,V,T
351,21,Y,Y,F
351,21,Y,Y,H
351,21,Y,Y,I
351,21,Y,Y,L
351,21,Y,Y,M
352,22,A,A,C
352,22,A,A,D
352,22,A,A,E
352,22,A,A,F
352,22,A,A,G
352,22,A,A,H
352,22,A,A,I
352,22,A,A,K
352,22,A,A,L
352,22,A,A,M
352,22,A,A,N
352,22,A,A,P
352,22,A,A,Q
352,22,A,A,R
352,22,A,A,S
352,22,A,A,T
352,22,A,A,V
352,22,A,A,W
352,22,A,A,Y
353,23,W,W,A
353,23,W,W,C
353,23,W,W,F
353,23,W,W,G
353,23,W,W,L
353,23,W,W,R
353,23,W,W,S
353,23,W,W,Y
354,24,N,N,D
354,24,N,N,E
354,24,N,N,G
354,24,N,N,H
354,24,N,N,K
354,24,N,N,S
354,24,N,N,T
354,24,N,N,Y
355,25,R,R,E
355,25,R,R,G
355,25,R,R,K
355,25,R,R,N
355,25,R,R,Q
355,25,R,R,S
355,25,R,R,T
356,26,K,K,A
356,26,K,K,C
356,26,K,K,D
356,26,K,K,E
356,26,K,K,F
356,26,K,K,G
356,26,K,K,H
356,26,K,K,I
356,26,K,K,L
356,26,K,K,M
356,26,K,K,N
356,26,K,K,P
356,26,K,K,Q
356,26,K,K,R
356,26,K,K,S
356,26,K,K,T
356,26,K,K,V
356,26,K,K,W
356,26,K,K,Y
357,27,R,R,A
357,27,R,R,C
357,27,R,R,D
357,27,R,R,E
357,27,R,R,F
357,27,R,R,G
357,27,R,R,H
357,27,R,R,I
357,27,R,R,K
357,27,R,R,L
357,27,R,R,M
357,27,R,R,N
357,27,R,R,P
357,27,R,R,Q
357,27,R,R,S
357,27,R,R,T
357,27,R,R,V
357,27,R,R,W
357,27,R,R,Y
358,28,I,I,E
358,28,I,I,F
358,28,I,I,L
358,28,I,I,N
358,28,I,I,S
358,28,I,I,T
358,28,I,I,V
359,29,S,S,A
359,29,S,S,C
359,29,S,S,D
359,29,S,S,G
359,29,S,S,I
359,29,S,S,K
359,29,S,S,L
359,29,S,S,N
359,29,S,S,Q
359,29,S,S,R
359,29,S,S,T
360,30,N,N,A
360,30,N,N,D
360,30,N,N,K
360,30,N,N,L
360,30,N,N,P
360,30,N,N,Q
360,30,N,N,S
360,30,N,N,T
360,30,N,N,Y
361,31,C,C,G
361,31,C,C,I
361,31,C,C,K
361,31,C,C,L
361,31,C,C,S
361,31,C,C,T
361,31,C,C,V
362,32,V,V,F
362,32,V,V,I
362,32,V,V,L
363,33,A,A,E
363,33,A,A,G
363,33,A,A,L
363,33,A,A,S
363,33,A,A,T
363,33,A,A,V
364,34,D,D,G
364,34,D,D,N
364,34,D,D,S
365,35,Y,Y,A
365,35,Y,Y,C
365,35,Y,Y,D
365,35,Y,Y,F
365,35,Y,Y,L
365,35,Y,Y,S
365,35,Y,Y,V
366,36,S,S,A
366,36,S,S,F
366,36,S,S,I
366,36,S,S,L
366,36,S,S,N
366,36,S,S,P
366,36,S,S,R
366,36,S,S,T
366,36,S,S,Y
367,37,V,V,A
367,37,V,V,C
367,37,V,V,D
367,37,V,V,F
367,37,V,V,G
367,37,V,V,I
367,37,V,V,L
367,37,V,V,S
367,37,V,V,Y
368,38,I,L,A
368,38,I,L,C
368,38,I,L,D
368,38,I,L,E
368,38,I,L,F
368,38,I,L,G
368,38,I,L,H
368,38,I,L,K
368,38,I,L,L
368,38,I,L,M
368,38,I,L,N
368,38,I,L,P
368,38,I,L,Q
368,38,I,L,R
368,38,I,L,S
368,38,I,L,T
368,38,I,L,V
368,38,I,L,W
368,38,I,L,Y
369,39,Y,Y,C
369,39,Y,Y,F
369,39,Y,Y,H
369,39,Y,Y,Q
369,39,Y,Y,W
370,40,N,N,D
370,40,N,N,H
370,40,N,N,I
370,40,N,N,K
370,40,N,N,P
370,40,N,N,R
370,40,N,N,S
370,40,N,N,T
370,40,N,N,Y
371,41,F,S,A
371,41,F,S,C
371,41,F,S,D
371,41,F,S,E
371,41,F,S,G
371,41,F,S,H
371,41,F,S,I
371,41,F,S,K
371,41,F,S,L
371,41,F,S,M
371,41,F,S,N
371,41,F,S,P
371,41,F,S,Q
371,41,F,S,R
371,41,F,S,S
371,41,F,S,T
371,41,F,S,V
371,41,F,S,W
371,41,F,S,Y
372,42,A,A,E
372,42,A,A,G
372,42,A,A,P
372,42,A,A,Q
372,42,A,A,R
372,42,A,A,S
372,42,A,A,T
372,42,A,A,V
373,43,P,S,A
373,43,P,S,C
373,43,P,S,D
373,43,P,S,E
373,43,P,S,F
373,43,P,S,G
373,43,P,S,H
373,43,P,S,I
373,43,P,S,K
373,43,P,S,L
373,43,P,S,M
373,43,P,S,N
373,43,P,S,Q
373,43,P,S,R
373,43,P,S,S
373,43,P,S,T
373,43,P,S,V
373,43,P,S,W
373,43,P,S,Y
374,44,F,F,A
374,44,F,F,I
374,44,F,F,L
374,44,F,F,S
374,44,F,F,Y
375,45,F,S,A
375,45,F,S,C
375,45,F,S,D
375,45,F,S,E
375,45,F,S,G
375,45,F,S,H
375,45,F,S,I
375,45,F,S,K
375,45,F,S,L
375,45,F,S,M
375,45,F,S,N
375,45,F,S,P
375,45,F,S,Q
375,45,F,S,R
375,45,F,S,S
375,45,F,S,T
375,45,F,S,V
375,45,F,S,W
375,45,F,S,Y
376,46,A,T,C
376,46,A,T,D
376,46,A,T,E
376,46,A,T,F
376,46,A,T,G
376,46,A,T,H
376,46,A,T,I
376,46,A,T,K
376,46,A,T,L
376,46,A,T,M
376,46,A,T,N
376,46,A,T,P
376,46,A,T,Q
376,46,A,T,R
376,46,A,T,S
376,46,A,T,T
376,46,A,T,V
376,46,A,T,W
376,46,A,T,Y
377,47,F,F,L
377,47,F,F,M
377,47,F,F,R
377,47,F,F,Y
378,48,K,K,A
378,48,K,K,E
378,48,K,K,M
378,48,K,K,N
378,48,K,K,P
378,48,K,K,R
378,48,K,K,V
379,49,C,C,G
379,49,C,C,K
379,49,C,C,L
379,49,C,C,R
379,49,C,C,T
379,49,C,C,V
380,50,Y,Y,F
380,50,Y,Y,H
380,50,Y,Y,L
380,50,Y,Y,S
380,50,Y,Y,W
381,51,G,G,E
381,51,G,G,L
381,51,G,G,N
381,51,G,G,R
381,51,G,G,S
382,52,V,V,A
382,52,V,V,L
382,52,V,V,M
382,52,V,V,Q
383,53,S,S,A
383,53,S,S,C
383,53,S,S,D
383,53,S,S,E
383,53,S,S,F
383,53,S,S,G
383,53,S,S,H
383,53,S,S,I
383,53,S,S,K
383,53,S,S,L
383,53,S,S,M
383,53,S,S,N
383,53,S,S,P
383,53,S,S,Q
383,53,S,S,R
383,53,S,S,T
383,53,S,S,V
383,53,S,S,W
383,53,S,S,Y
384,54,P,P,A
384,54,P,P,H
384,54,P,P,L
384,54,P,P,R
384,54,P,P,S
384,54,P,P,T
385,55,T,T,A
385,55,T,T,C
385,55,T,T,D
385,55,T,T,E
385,55,T,T,F
385,55,T,T,G
385,55,T,T,H
385,55,T,T,I
385,55,T,T,K
385,55,T,T,L
385,55,T,T,M
385,55,T,T,N
385,55,T,T,P
385,55,T,T,Q
385,55,T,T,R
385,55,T,T,S
385,55,T,T,V
385,55,T,T,W
385,55,T,T,Y
386,56,K,K,E
386,56,K,K,I
386,56,K,K,L
386,56,K,K,R
387,57,L,L,A
387,57,L,L,F
387,57,L,L,I
387,57,L,L,S
387,57,L,L,V
388,58,N,N,A
388,58,N,N,D
388,58,N,N,K
388,58,N,N,L
388,58,N,N,R
388,58,N,N,S
388,58,N,N,V
389,59,D,D,A
389,59,D,D,E
389,59,D,D,F
389,59,D,D,G
389,59,D,D,H
389,59,D,D,I
389,59,D,D,L
389,59,D,D,N
389,59,D,D,S
389,59,D,D,V
389,59,D,D,Y
390,60,L,L,F
390,60,L,L,I
390,60,L,L,M
390,60,L,L,T
391,61,C,C,I
391,61,C,C,L
391,61,C,C,M
391,61,C,C,R
391,61,C,C,S
392,62,F,F,G
392,62,F,F,I
392,62,F,F,L
392,62,F,F,S
392,62,F,F,V
392,62,F,F,Y
393,63,T,T,A
393,63,T,T,E
393,63,T,T,I
393,63,T,T,L
393,63,T,T,M
393,63,T,T,N
393,63,T,T,S
394,64,N,N,A
394,64,N,N,D
394,64,N,N,H
394,64,N,N,I
394,64,N,N,K
394,64,N,N,L
394,64,N,N,Q
394,64,N,N,R
394,64,N,N,S
394,64,N,N,T
394,64,N,N,Y
395,65,V,V,A
395,65,V,V,E
395,65,V,V,F
395,65,V,V,I
395,65,V,V,L
395,65,V,V,S
396,66,Y,Y,F
396,66,Y,Y,H
396,66,Y,Y,I
396,66,Y,Y,L
396,66,Y,Y,S
396,66,Y,Y,T
397,67,A,A,L
397,67,A,A,M
397,67,A,A,S
397,67,A,A,T
397,67,A,A,V
398,68,D,D,N
398,68,D,D,P
398,68,D,D,S
399,69,S,S,A
399,69,S,S,L
399,69,S,S,M
400,70,F,F,A
400,70,F,F,E
400,70,F,F,I
400,70,F,F,L
400,70,F,F,Q
400,70,F,F,T
401,71,V,V,A
401,71,V,V,I
401,71,V,V,L
402,72,I,I,C
402,72,I,I,F
402,72,I,I,H
402,72,I,I,L
402,72,I,I,M
402,72,I,I,T
402,72,I,I,V
403,73,R,R,G
403,73,R,R,I
403,73,R,R,K
403,73,R,R,L
403,73,R,R,M
403,73,R,R,S
403,73,R,R,T
404,74,G,G,A
404,74,G,G,C
404,74,G,G,P
404,74,G,G,R
404,74,G,G,S
404,74,G,G,V
405,75,N,D,A
405,75,N,D,C
405,75,N,D,D
405,75,N,D,E
405,75,N,D,F
405,75,N,D,G
405,75,N,D,H
405,75,N,D,I
405,75,N,D,K
405,75,N,D,L
405,75,N,D,M
405,75,N,D,P
405,75,N,D,Q
405,75,N,D,R
405,75,N,D,S
405,75,N,D,T
405,75,N,D,V
405,75,N,D,W
405,75,N,D,Y
406,76,E,E,A
406,76,E,E,D
406,76,E,E,K
406,76,E,E,Q
407,77,V,V,A
407,77,V,V,F
407,77,V,V,I
407,77,V,V,L
407,77,V,V,S
408,78,S,R,A
408,78,S,R,C
408,78,S,R,D
408,78,S,R,E
408,78,S,R,F
408,78,S,R,G
408,78,S,R,H
408,78,S,R,I
408,78,S,R,K
408,78,S,R,L
408,78,S,R,M
408,78,S,R,N
408,78,S,R,P
408,78,S,R,Q
408,78,S,R,R
408,78,S,R,T
408,78,S,R,V
408,78,S,R,W
408,78,S,R,Y
409,79,Q,Q,A
409,79,Q,Q,E
409,79,Q,Q,H
409,79,Q,Q,K
409,79,Q,Q,L
409,79,Q,Q,N
410,80,I,I,A
410,80,I,I,L
410,80,I,I,M
410,80,I,I,S
410,80,I,I,T
410,80,I,I,V
411,81,A,A,C
411,81,A,A,D
411,81,A,A,G
411,81,A,A,L
411,81,A,A,N
411,81,A,A,P
411,81,A,A,S
411,81,A,A,T
411,81,A,A,V
412,82,P,P,K
412,82,P,P,L
412,82,P,P,N
412,82,P,P,Q
412,82,P,P,T
413,83,G,G,A
413,83,G,G,C
413,83,G,G,E
413,83,G,G,K
413,83,G,G,R
413,83,G,G,S
413,83,G,G,V
413,83,G,G,W
414,84,Q,Q,E
414,84,Q,Q,H
414,84,Q,Q,K
414,84,Q,Q,L
414,84,Q,Q,P
414,84,Q,Q,R
415,85,T,T,A
415,85,T,T,C
415,85,T,T,I
415,85,T,T,K
415,85,T,T,L
415,85,T,T,N
415,85,T,T,P
415,85,T,T,Q
415,85,T,T,S
416,86,G,G,*
416,86,G,G,E
416,86,G,G,N
416,86,G,G,W
417,87,N,K,A
417,87,N,K,C
417,87,N,K,D
417,87,N,K,E
417,87,N,K,F
417,87,N,K,G
417,87,N,K,H
417,87,N,K,I
417,87,N,K,K
417,87,N,K,L
417,87,N,K,M
417,87,N,K,P
417,87,N,K,Q
417,87,N,K,R
417,87,N,K,S
417,87,N,K,T
417,87,N,K,V
417,87,N,K,W
417,87,N,K,Y
418,88,I,I,C
418,88,I,I,L
418,88,I,I,T
418,88,I,I,V
419,89,A,A,I
419,89,A,A,S
419,89,A,A,T
419,89,A,A,V
420,90,D,D,A
420,90,D,D,G
420,90,D,D,I
420,90,D,D,N
420,90,D,D,R
420,90,D,D,Y
421,91,Y,Y,A
421,91,Y,Y,C
421,91,Y,Y,F
421,91,Y,Y,H
421,91,Y,Y,I
422,92,N,N,I
423,93,Y,Y,C
423,93,Y,Y,F
423,93,Y,Y,W
424,94,K,K,I
424,94,K,K,N
424,94,K,K,Q
424,94,K,K,R
424,94,K,K,Y
425,95,L,L,F
425,95,L,L,I
425,95,L,L,M
425,95,L,L,V
426,96,P,P,I
426,96,P,P,L
426,96,P,P,Q
426,96,P,P,S
426,96,P,P,T
427,97,D,D,A
427,97,D,D,E
427,97,D,D,G
427,97,D,D,H
427,97,D,D,L
427,97,D,D,N
427,97,D,D,R
427,97,D,D,V
427,97,D,D,Y
428,98,D,D,A
428,98,D,D,E
428,98,D,D,G
428,98,D,D,H
428,98,D,D,Q
428,98,D,D,V
428,98,D,D,Y
429,99,F,F,I
429,99,F,F,L
430,100,T,T,A
430,100,T,T,I
430,100,T,T,L
430,100,T,T,P
430,100,T,T,S
431,101,G,G,S
431,101,G,G,V
432,102,C,C,L
432,102,C,C,T
432,102,C,C,V
433,103,V,V,F
433,103,V,V,G
433,103,V,V,I
433,103,V,V,L
434,104,I,I,L
434,104,I,I,M
434,104,I,I,T
434,104,I,I,V
435,105,A,A,I
435,105,A,A,L
435,105,A,A,S
435,105,A,A,T
435,105,A,A,V
436,106,W,W,C
436,106,W,W,F
436,106,W,W,L
436,106,W,W,R
436,106,W,W,T
436,106,W,W,Y
437,107,N,N,E
437,107,N,N,I
437,107,N,N,S
438,108,S,S,A
438,108,S,S,F
438,108,S,S,I
438,108,S,S,L
438,108,S,S,T
438,108,S,S,Y
439,109,N,N,D
439,109,N,N,I
439,109,N,N,K
439,109,N,N,T
439,109,N,N,Y
440,110,K,N,A
440,110,K,N,C
440,110,K,N,D
440,110,K,N,E
440,110,K,N,F
440,110,K,N,G
440,110,K,N,H
440,110,K,N,I
440,110,K,N,L
440,110,K,N,M
440,110,K,N,N
440,110,K,N,P
440,110,K,N,Q
440,110,K,N,R
440,110,K,N,S
440,110,K,N,T
440,110,K,N,V
440,110,K,N,W
440,110,K,N,Y
441,111,L,L,F
441,111,L,L,I
441,111,L,L,P
441,111,L,L,R
441,111,L,L,V
442,112,D,D,F
442,112,D,D,G
442,112,D,D,I
442,112,D,D,S
442,112,D,D,V
442,112,D,D,Y
443,113,S,S,A
443,113,S,S,F
443,113,S,S,L
443,113,S,S,Y
444,114,K,K,-
444,114,K,K,A
444,114,K,K,C
444,114,K,K,D
444,114,K,K,E
444,114,K,K,F
444,114,K,K,G
444,114,K,K,H
444,114,K,K,I
444,114,K,K,L
444,114,K,K,M
444,114,K,K,N
444,114,K,K,P
444,114,K,K,Q
444,114,K,K,R
444,114,K,K,S
444,114,K,K,T
444,114,K,K,V
444,114,K,K,W
444,114,K,K,Y
445,115,P,V,-
445,115,P,V,A
445,115,P,V,C
445,115,P,V,D
445,115,P,V,E
445,115,P,V,F
445,115,P,V,G
445,115,P,V,H
445,115,P,V,I
445,115,P,V,K
445,115,P,V,L
445,115,P,V,M
445,115,P,V,N
445,115,P,V,Q
445,115,P,V,R
445,115,P,V,S
445,115,P,V,T
445,115,P,V,V
445,115,P,V,W
445,115,P,V,Y
446,116,S,G,-
446,116,S,G,A
446,116,S,G,C
446,116,S,G,D
446,116,S,G,E
446,116,S,G,F
446,116,S,G,G
446,116,S,G,H
446,116,S,G,I
446,116,S,G,K
446,116,S,G,L
446,116,S,G,M
446,116,S,G,N
446,116,S,G,P
446,116,S,G,Q
446,116,S,G,R
446,116,S,G,T
446,116,S,G,V
446,116,S,G,W
446,116,S,G,Y
447,117,G,G,-
447,117,G,G,A
447,117,G,G,C
447,117,G,G,D
447,117,G,G,E
447,117,G,G,F
447,117,G,G,H
447,117,G,G,I
447,117,G,G,K
447,117,G,G,L
447,117,G,G,M
447,117,G,G,N
447,117,G,G,P
447,117,G,G,Q
447,117,G,G,R
447,117,G,G,S
447,117,G,G,T
447,117,G,G,V
447,117,G,G,W
447,117,G,G,Y
448,118,N,N,-
448,118,N,N,D
448,118,N,N,I
448,118,N,N,K
448,118,N,N,S
448,118,N,N,T
448,118,N,N,Y
449,119,Y,Y,-
449,119,Y,Y,A
449,119,Y,Y,C
449,119,Y,Y,D
449,119,Y,Y,E
449,119,Y,Y,F
449,119,Y,Y,G
449,119,Y,Y,H
449,119,Y,Y,I
449,119,Y,Y,K
449,119,Y,Y,L
449,119,Y,Y,M
449,119,Y,Y,N
449,119,Y,Y,P
449,119,Y,Y,Q
449,119,Y,Y,R
449,119,Y,Y,S
449,119,Y,Y,T
449,119,Y,Y,V
449,119,Y,Y,W
450,120,N,N,A
450,120,N,N,C
450,120,N,N,D
450,120,N,N,E
450,120,N,N,F
450,120,N,N,G
450,120,N,N,H
450,120,N,N,I
450,120,N,N,K
450,120,N,N,L
450,120,N,N,M
450,120,N,N,P
450,120,N,N,Q
450,120,N,N,R
450,120,N,N,S
450,120,N,N,T
450,120,N,N,V
450,120,N,N,W
450,120,N,N,Y
451,121,Y,Y,F
451,121,Y,Y,H
451,121,Y,Y,L
452,122,L,L,A
452,122,L,L,C
452,122,L,L,D
452,122,L,L,E
452,122,L,L,F
452,122,L,L,G
452,122,L,L,H
452,122,L,L,I
452,122,L,L,K
452,122,L,L,M
452,122,L,L,N
452,122,L,L,P
452,122,L,L,Q
452,122,L,L,R
452,122,L,L,S
452,122,L,L,T
452,122,L,L,V
452,122,L,L,W
452,122,L,L,Y
453,123,Y,Y,C
453,123,Y,Y,F
453,123,Y,Y,H
453,123,Y,Y,R
453,123,Y,Y,S
454,124,R,R,E
454,124,R,R,I
454,124,R,R,K
454,124,R,R,S
455,125,L,L,A
455,125,L,L,C
455,125,L,L,D
455,125,L,L,E
455,125,L,L,F
455,125,L,L,G
455,125,L,L,H
455,125,L,L,I
455,125,L,L,K
455,125,L,L,M
455,125,L,L,N
455,125,L,L,P
455,125,L,L,Q
455,125,L,L,R
455,125,L,L,S
455,125,L,L,T
455,125,L,L,V
455,125,L,L,W
455,125,L,L,Y
456,126,F,F,A
456,126,F,F,C
456,126,F,F,D
456,126,F,F,E
456,126,F,F,G
456,126,F,F,H
456,126,F,F,I
456,126,F,F,K
456,126,F,F,L
456,126,F,F,M
456,126,F,F,N
456,126,F,F,P
456,126,F,F,Q
456,126,F,F,R
456,126,F,F,S
456,126,F,F,T
456,126,F,F,V
456,126,F,F,W
456,126,F,F,Y
457,127,R,R,G
457,127,R,R,K
457,127,R,R,M
457,127,R,R,Q
457,127,R,R,S
458,128,K,K,E
458,128,K,K,L
458,128,K,K,M
458,128,K,K,N
458,128,K,K,Q
458,128,K,K,R
458,128,K,K,S
458,128,K,K,T
459,129,S,S,A
459,129,S,S,D
459,129,S,S,F
459,129,S,S,K
459,129,S,S,P
459,129,S,S,T
459,129,S,S,Y
460,130,K,N,A
460,130,K,N,C
460,130,K,N,D
460,130,K,N,E
460,130,K,N,F
460,130,K,N,G
460,130,K,N,H
460,130,K,N,I
460,130,K,N,L
460,130,K,N,M
460,130,K,N,N
460,130,K,N,P
460,130,K,N,Q
460,130,K,N,R
460,130,K,N,S
460,130,K,N,T
460,130,K,N,V
460,130,K,N,W
460,130,K,N,Y
461,131,L,L,F
461,131,L,L,I
461,131,L,L,S
462,132,K,K,A
462,132,K,K,C
462,132,K,K,D
462,132,K,K,E
462,132,K,K,F
462,132,K,K,G
462,132,K,K,H
462,132,K,K,I
462,132,K,K,L
462,132,K,K,M
462,132,K,K,N
462,132,K,K,P
462,132,K,K,Q
462,132,K,K,R
462,132,K,K,S
462,132,K,K,T
462,132,K,K,V
462,132,K,K,W
462,132,K,K,Y
463,133,P,P,A
463,133,P,P,F
463,133,P,P,G
463,133,P,P,H
463,133,P,P,K
463,133,P,P,L
463,133,P,P,R
463,133,P,P,S
463,133,P,P,T
464,134,F,F,I
464,134,F,F,L
464,134,F,F,S
464,134,F,F,V
464,134,F,F,Y
465,135,E,E,A
465,135,E,E,D
465,135,E,E,G
465,135,E,E,P
465,135,E,E,R
465,135,E,E,V
466,136,R,R,D
466,136,R,R,I
466,136,R,R,K
466,136,R,R,S
467,137,D,D,E
467,137,D,D,L
467,137,D,D,N
467,137,D,D,Y
468,138,I,I,A
468,138,I,I,C
468,138,I,I,D
468,138,I,I,E
468,138,I,I,F
468,138,I,I,G
468,138,I,I,H
468,138,I,I,K
468,138,I,I,L
468,138,I,I,M
468,138,I,I,N
468,138,I,I,P
468,138,I,I,Q
468,138,I,I,R
468,138,I,I,S
468,138,I,I,T
468,138,I,I,V
468,138,I,I,W
468,138,I,I,Y
469,139,S,S,A
469,139,S,S,C
469,139,S,S,L
469,139,S,S,M
469,139,S,S,N
469,139,S,S,T
470,140,T,T,A
470,140,T,T,I
470,140,T,T,K
470,140,T,T,N
470,140,T,T,P
470,140,T,T,R
470,140,T,T,S
471,141,E,E,A
471,141,E,E,D
471,141,E,E,G
471,141,E,E,K
471,141,E,E,N
471,141,E,E,Q
471,141,E,E,S
471,141,E,E,V
472,142,I,I,A
472,142,I,I,C
472,142,I,I,D
472,142,I,I,E
472,142,I,I,F
472,142,I,I,G
472,142,I,I,H
472,142,I,I,K
472,142,I,I,L
472,142,I,I,M
472,142,I,I,N
472,142,I,I,P
472,142,I,I,Q
472,142,I,I,R
472,142,I,I,S
472,142,I,I,T
472,142,I,I,V
472,142,I,I,W
472,142,I,I,Y
473,143,Y,Y,A
473,143,Y,Y,C
473,143,Y,Y,D
473,143,Y,Y,E
473,143,Y,Y,F
473,143,Y,Y,G
473,143,Y,Y,H
473,143,Y,Y,I
473,143,Y,Y,K
473,143,Y,Y,L
473,143,Y,Y,M
473,143,Y,Y,N
473,143,Y,Y,P
473,143,Y,Y,Q
473,143,Y,Y,R
473,143,Y,Y,S
473,143,Y,Y,T
473,143,Y,Y,V
473,143,Y,Y,W
474,144,Q,Q,E
474,144,Q,Q,F
474,144,Q,Q,G
474,144,Q,Q,H
474,144,Q,Q,K
474,144,Q,Q,L
474,144,Q,Q,P
474,144,Q,Q,R
474,144,Q,Q,S
475,145,A,A,C
475,145,A,A,D
475,145,A,A,E
475,145,A,A,F
475,145,A,A,G
475,145,A,A,H
475,145,A,A,I
475,145,A,A,K
475,145,A,A,L
475,145,A,A,M
475,145,A,A,N
475,145,A,A,P
475,145,A,A,Q
475,145,A,A,R
475,145,A,A,S
475,145,A,A,T
475,145,A,A,V
475,145,A,A,W
475,145,A,A,Y
476,146,G,G,A
476,146,G,G,C
476,146,G,G,D
476,146,G,G,K
476,146,G,G,N
476,146,G,G,R
476,146,G,G,S
476,146,G,G,T
476,146,G,G,V
477,147,N,S,A
477,147,N,S,C
477,147,N,S,D
477,147,N,S,E
477,147,N,S,F
477,147,N,S,G
477,147,N,S,H
477,147,N,S,I
477,147,N,S,K
477,147,N,S,L
477,147,N,S,M
477,147,N,S,P
477,147,N,S,Q
477,147,N,S,R
477,147,N,S,S
477,147,N,S,T
477,147,N,S,V
477,147,N,S,W
477,147,N,S,Y
478,148,K,T,A
478,148,K,T,C
478,148,K,T,D
478,148,K,T,E
478,148,K,T,F
478,148,K,T,G
478,148,K,T,H
478,148,K,T,I
478,148,K,T,L
478,148,K,T,M
478,148,K,T,N
478,148,K,T,P
478,148,K,T,Q
478,148,K,T,R
478,148,K,T,S
478,148,K,T,T
478,148,K,T,V
478,148,K,T,W
478,148,K,T,Y
479,149,P,P,A
479,149,P,P,G
479,149,P,P,H
479,149,P,P,L
479,149,P,P,R
479,149,P,P,S
479,149,P,P,T
480,150,C,C,L
480,150,C,C,S
480,150,C,C,T
480,150,C,C,V
481,151,N,N,D
481,151,N,N,H
481,151,N,N,I
481,151,N,N,K
481,151,N,N,M
481,151,N,N,S
481,151,N,N,T
481,151,N,N,Y
482,152,G,G,A
482,152,G,G,D
482,152,G,G,L
482,152,G,G,R
482,152,G,G,S
482,152,G,G,V
483,153,V,V,-
483,153,V,V,A
483,153,V,V,F
483,153,V,V,G
483,153,V,V,I
483,153,V,V,L
484,154,A,E,-
484,154,A,E,C
484,154,A,E,D
484,154,A,E,E
484,154,A,E,F
484,154,A,E,G
484,154,A,E,H
484,154,A,E,I
484,154,A,E,K
484,154,A,E,L
484,154,A,E,M
484,154,A,E,N
484,154,A,E,P
484,154,A,E,Q
484,154,A,E,R
484,154,A,E,S
484,154,A,E,T
484,154,A,E,V
484,154,A,E,W
484,154,A,E,Y
485,155,G,G,-
485,155,G,G,A
485,155,G,G,C
485,155,G,G,D
485,155,G,G,R
485,155,G,G,S
485,155,G,G,V
486,156,P,F,-
486,156,P,F,A
486,156,P,F,C
486,156,P,F,D
486,156,P,F,E
486,156,P,F,F
486,156,P,F,G
486,156,P,F,H
486,156,P,F,I
486,156,P,F,K
486,156,P,F,L
486,156,P,F,M
486,156,P,F,N
486,156,P,F,Q
486,156,P,F,R
486,156,P,F,S
486,156,P,F,T
486,156,P,F,V
486,156,P,F,W
486,156,P,F,Y
487,157,N,N,D
487,157,N,N,H
487,157,N,N,I
487,157,N,N,K
487,157,N,N,S
487,157,N,N,T
488,158,C,C,I
488,158,C,C,L
488,158,C,C,V
488,158,C,C,W
488,158,C,C,Y
489,159,Y,Y,F
489,159,Y,Y,H
489,159,Y,Y,L
489,159,Y,Y,T
489,159,Y,Y,W
490,160,F,F,A
490,160,F,F,C
490,160,F,F,D
490,160,F,F,E
490,160,F,F,G
490,160,F,F,H
490,160,F,F,I
490,160,F,F,K
490,160,F,F,L
490,160,F,F,M
490,160,F,F,N
490,160,F,F,P
490,160,F,F,Q
490,160,F,F,R
490,160,F,F,S
490,160,F,F,T
490,160,F,F,V
490,160,F,F,W
490,160,F,F,Y
491,161,P,P,L
491,161,P,P,Q
491,161,P,P,S
491,161,P,P,T
491,161,P,P,V
492,162,L,L,F
492,162,L,L,I
492,162,L,L,T
492,162,L,L,V
492,162,L,L,Y
493,163,Q,Q,E
493,163,Q,Q,F
493,163,Q,Q,H
493,163,Q,Q,K
493,163,Q,Q,L
493,163,Q,Q,N
493,163,Q,Q,P
493,163,Q,Q,R
493,163,Q,Q,T
494,164,S,S,A
494,164,S,S,C
494,164,S,S,D
494,164,S,S,E
494,164,S,S,F
494,164,S,S,G
494,164,S,S,H
494,164,S,S,I
494,164,S,S,K
494,164,S,S,L
494,164,S,S,M
494,164,S,S,N
494,164,S,S,P
494,164,S,S,Q
494,164,S,S,R
494,164,S,S,T
494,164,S,S,V
494,164,S,S,W
494,164,S,S,Y
495,165,Y,Y,F
495,165,Y,Y,H
495,165,Y,Y,I
495,165,Y,Y,Q
495,165,Y,Y,S
495,165,Y,Y,W
496,166,G,G,A
496,166,G,G,C
496,166,G,G,D
496,166,G,G,M
496,166,G,G,N
496,166,G,G,R
496,166,G,G,S
496,166,G,G,T
496,166,G,G,V
496,166,G,G,W
497,167,F,F,H
497,167,F,F,I
497,167,F,F,L
497,167,F,F,S
497,167,F,F,W
498,168,R,Q,A
498,168,R,Q,C
498,168,R,Q,D
498,168,R,Q,E
498,168,R,Q,F
498,168,R,Q,G
498,168,R,Q,H
498,168,R,Q,I
498,168,R,Q,K
498,168,R,Q,L
498,168,R,Q,M
498,168,R,Q,N
498,168,R,Q,P
498,168,R,Q,Q
498,168,R,Q,S
498,168,R,Q,T
498,168,R,Q,V
498,168,R,Q,W
498,168,R,Q,Y
499,169,P,P,H
499,169,P,P,L
499,169,P,P,Q
499,169,P,P,R
499,169,P,P,S
499,169,P,P,T
499,169,P,P,V
500,170,T,T,A
500,170,T,T,I
500,170,T,T,L
500,170,T,T,N
500,170,T,T,P
500,170,T,T,S
501,171,Y,N,A
501,171,Y,N,C
501,171,Y,N,D
501,171,Y,N,E
501,171,Y,N,F
501,171,Y,N,G
501,171,Y,N,H
501,171,Y,N,I
501,171,Y,N,K
501,171,Y,N,L
501,171,Y,N,M
501,171,Y,N,N
501,171,Y,N,P
501,171,Y,N,Q
501,171,Y,N,R
501,171,Y,N,S
501,171,Y,N,T
501,171,Y,N,V
501,171,Y,N,W
502,172,G,G,A
502,172,G,G,C
502,172,G,G,D
502,172,G,G,L
502,172,G,G,N
502,172,G,G,S
502,172,G,G,V
503,173,V,V,A
503,173,V,V,C
503,173,V,V,D
503,173,V,V,F
503,173,V,V,G
503,173,V,V,I
503,173,V,V,L
503,173,V,V,S
503,173,V,V,T
504,174,G,G,A
504,174,G,G,C
504,174,G,G,D
504,174,G,G,E
504,174,G,G,L
504,174,G,G,N
504,174,G,G,S
504,174,G,G,T
504,174,G,G,V
504,174,G,G,W
505,175,H,Y,A
505,175,H,Y,C
505,175,H,Y,D
505,175,H,Y,E
505,175,H,Y,F
505,175,H,Y,G
505,175,H,Y,I
505,175,H,Y,K
505,175,H,Y,L
505,175,H,Y,M
505,175,H,Y,N
505,175,H,Y,P
505,175,H,Y,Q
505,175,H,Y,R
505,175,H,Y,S
505,175,H,Y,T
505,175,H,Y,V
505,175,H,Y,W
505,175,H,Y,Y
506,176,Q,Q,H
506,176,Q,Q,K
506,176,Q,Q,L
507,177,P,P,A
507,177,P,P,L
507,177,P,P,S
507,177,P,P,T
508,178,Y,Y,C
508,178,Y,Y,D
508,178,Y,Y,F
508,178,Y,Y,H
508,178,Y,Y,L
508,178,Y,Y,N
509,179,R,R,F
509,179,R,R,I
509,179,R,R,K
509,179,R,R,M
509,179,R,R,Q
509,179,R,R,S
509,179,R,R,T
510,180,V,V,A
510,180,V,V,I
510,180,V,V,L
511,181,V,V,I
511,181,V,V,L
511,181,V,V,S
511,181,V,V,T
512,182,V,V,A
512,182,V,V,I
512,182,V,V,L
512,182,V,V,S
513,183,L,L,F
513,183,L,L,I
513,183,L,L,P
513,183,L,L,T
513,183,L,L,V
514,184,S,S,A
514,184,S,S,F
514,184,S,S,N
514,184,S,S,T
514,184,S,S,Y
515,185,F,F,L
515,185,F,F,S
516,186,E,E,A
516,186,E,E,D
516,186,E,E,G
516,186,E,E,K
516,186,E,E,N
516,186,E,E,Q
516,186,E,E,S
516,186,E,E,V
517,187,L,L,F
517,187,L,L,H
517,187,L,L,I
517,187,L,L,P
517,187,L,L,R
517,187,L,L,T
517,187,L,L,V
517,187,L,L,Y
518,188,L,L,F
518,188,L,L,I
518,188,L,L,M
518,188,L,L,P
518,188,L,L,Q
518,188,L,L,S
518,188,L,L,V
519,189,H,H,D
519,189,H,H,F
519,189,H,H,L
519,189,H,H,N
519,189,H,H,P
519,189,H,H,Q
519,189,H,H,R
519,189,H,H,V
519,189,H,H,Y
520,190,A,A,E
520,190,A,A,G
520,190,A,A,P
520,190,A,A,Q
520,190,A,A,S
520,190,A,A,T
520,190,A,A,V
521,191,P,P,A
521,191,P,P,E
521,191,P,P,L
521,191,P,P,Q
521,191,P,P,R
521,191,P,P,S
521,191,P,P,T
522,192,A,A,E
522,192,A,A,L
522,192,A,A,P
522,192,A,A,Q
522,192,A,A,S
522,192,A,A,T
522,192,A,A,V
523,193,T,T,A
523,193,T,T,F
523,193,T,T,I
523,193,T,T,N
523,193,T,T,P
523,193,T,T,S
524,194,V,V,C
524,194,V,V,F
524,194,V,V,G
524,194,V,V,I
525,195,C,C,F
525,195,C,C,L
525,195,C,C,W
526,196,G,G,V
527,197,P,P,H
527,197,P,P,L
527,197,P,P,S
527,197,P,P,T
528,198,K,K,E
528,198,K,K,I
528,198,K,K,Q
528,198,K,K,R
528,198,K,K,T
529,199,K,K,E
529,199,K,K,L
529,199,K,K,M
529,199,K,K,N
529,199,K,K,Q
529,199,K,K,R
529,199,K,K,S
529,199,K,K,T
529,199,K,K,V
530,200,S,S,F
530,200,S,S,T
530,200,S,S,Y
531,201,T,T,L
531,201,T,T,S
